"Trait1","Trait2"
0.00407662163794516,-0.00996671140945814
-0.0289548681269893,-0.00575576825137809
0.000445507850903373,0.00350301348114765
-0.0160739675689601,0.0064163683037001
-0.0391649098782392,-0.00740351386943062
-0.0111279274840003,0.00204805475726912
-0.00487856020520958,-0.00330186356665652
0.0069941307877995,0.0063231071846688
0.00898792548652415,0.0229489099070773
-0.0415840938294522,-0.0152860489860735
0.024507201443866,0.00460591215557459
0.0117171306723476,0.00990520543891604
0.0606753538453384,-0.0240768523069925
-0.0469362569994309,0.02500204417095
-7.79001018216986e-05,-0.0136445345818118
0.0018098883044113,0.0132759708431546
0.0161825593503746,0.00314470226950656
0.00285817914026064,-0.00319150915576075
0.00610616533440433,-0.00442816248169634
0.0164964618749235,-0.0143473213556275
-0.0148535298175957,-0.00186869724656691
-0.0136181917988615,-0.00349501709820776
-0.0183231447219015,-0.0101808701210344
-0.0099527667236167,0.00403574190249876
0.0070981367320425,-0.00611610022538012
0.0171134525875606,0.0113591316046116
-0.00872327263717444,0.0103841583988778
-0.00208821084257182,0.0260262283040594
0.0112608194264858,-0.0130049004390757
-0.0014769055070294,0.00147679704385187
-0.00886604898566629,-0.0192305962675773
0.013848486876623,-0.00919666771927779
0.0350302789868303,0.0229563529500103
-0.0113144369256381,-0.0103431939513419
0.00625155734200336,0.00203217997150335
0.0284950906417372,-0.0113958512874514
-0.0232081594968619,0.00548107845307801
0.012150726261253,-0.00170043215180425
-0.024561296599012,0.0118206906775433
0.011990951139836,-0.0060234372047274
-0.00687791365302361,-0.00265044446573442
0.0223171014477971,0.00968366924495415
-0.00589462866010238,0.0032859875980389
-0.0071666362401431,0.00710426746454599
0.0109262941298044,0.00440363213308481
0.0129492704518523,-0.0275821763268523
0.0112294948510715,-0.0143208940640439
-0.049904827769207,0.00841170957371728
-0.0146853270452358,0.00687799856215275
-0.0253190546329229,0.01043749668704
-0.00183743411471552,-0.0108470174917906
0.0407099999971191,-0.0370690376783012
0.011726403716781,-0.0410847575166222
0.00646334719123363,0.000123324047255967
0.00945055180802686,0.000299367624521976
0.0386853012444392,-0.00288122707140848
-0.0105329498403061,0.00205984685455408
-0.0116023688041579,0.014090702199984
-0.0252666387761562,0.00647544159212258
-0.00881296811895276,0.00831594205651698
-0.00765916863000166,0.000835459100695407
0.0270802551587508,0.0129763357162998
0.0318323292668457,-0.0225714613747094
0.0139174352082177,0.00758667985344671
-0.0472844859068609,-0.00284888696769017
0.0216421871718257,0.00443962052981763
-0.0241464040788106,0.002759357860363
0.0235122796974421,0.00564326032197668
0.0466760722799515,0.00989355378304498
0.0394236184705011,0.00724686577658466
-0.00722632077831242,0.0127135276187806
0.0257055111970802,-0.0360745054303233
0.0215550447933659,0.0113836326107791
-0.000241986630504595,-0.0257143198705684
0.0100860415419365,-0.00583042074900602
-0.0133375594039692,0.00561665405001775
0.0575508580046566,0.00703186285851393
0.00765426562554247,-0.0121839448735957
-0.0132856164767991,0.00838049414520215
0.0215557118585628,0.0263300364042869
-0.0398474232680133,0.00254320693282607
0.0467837512799544,-0.0135953576381418
0.0341628791537096,-0.00414352787198206
-0.0105057418559404,-0.000447293144889127
-0.0580207059851254,0.0215827832693024
-0.0413497839431825,0.0148432305122012
0.00367321551454074,-0.00320209369569949
-0.0427585532979426,0.00606263126200581
-0.00136622373447505,-0.0057333505773011
-0.0100073895660299,-0.0079765480628716
0.00437353477733307,0.00660237194842185
0.0206024995179777,-0.000145724306403616
0.0241349546683621,0.00525719753437738
0.0165816732716694,0.0247224929153288
-0.0212556594010834,-0.0247631817977974
0.0219459096014883,-0.00759267494206723
0.0169947169468485,-0.00793026884520852
-0.0159004303453918,0.00944975037123567
0.00514826201323299,-0.00289308556227533
-0.017091202698853,-0.00797408962880324
-0.006326898368221,-0.0101710790697612
-0.0274179947079013,-0.0143670281923238
-0.0205541747852549,0.0151453749292338
-0.000337355425658675,-0.00219430564850668
0.0262275903648657,-0.00450009324154102
-0.0101074507953248,-0.00165839051111865
0.0135343366673836,-0.00848284531326658
0.0565785957970015,-0.0106414077701919
-0.0136818902134686,0.00329996874768415
-0.00744360122943693,0.0162258666765114
-0.0028971270487922,0.0219660244022857
0.0293781770502393,0.00331671774364148
0.000253569769865222,-0.00361597443755044
-0.000181877634568234,-0.00839099479959478
0.00570503064247425,-0.00979273251733492
-0.0123573676005114,-0.00347346411194336
-0.0447690529123689,0.0305191454027679
0.0520051224653754,0.00298160155501486
0.0415513936519868,-0.0214711308676205
0.0254353186453613,-0.0311226847735327
-0.00771438899858991,0.00529452841922155
-0.0255436887871305,0.0166817913803475
-0.000110605813940706,0.00489449492526569
0.027119510165696,0.0209301954912718
-0.00640157739273932,0.0248036205625355
0.0130285188590315,-0.0135167797140951
0.0101024296416619,-0.0159844426710483
-0.0181048319418266,0.000611528046350993
0.0492754889783341,0.0081662020080855
0.00287965845163559,-0.00340676960188797
0.0236951132544464,-0.0202108163075427
0.0299923903397834,-0.0384366465239917
-0.00595894224368197,-0.00301761250432787
0.016377991745899,0.00224296656726993
0.0229465199572076,-0.0097594775910325
-0.00295050942373413,-0.031548919732533
0.0358998900543727,-0.00655209339168172
0.0113163909295898,0.0122483553546628
0.0211153476175759,-0.0242191238241676
0.0190472251919143,-0.00163797812871706
0.0182230766583816,-0.0230068846183256
-0.0193509033948433,0.020143968287517
0.0267906516302821,-0.00208117946012636
-0.011990292883803,-0.0050422900183186
-0.0116248325181413,-0.01421432287673
0.0254140210275023,-0.0412976131765791
0.0308549005438429,0.0171438383276043
0.0250378806763047,0.00308483046622078
0.00945042778128089,0.000570992050002882
-0.0881842300744885,-0.0118415057614396
0.00506464371839077,-0.0192709982030891
0.0469913640744813,0.0169741648537642
0.000126918017013983,0.000257147195809204
0.0251458987011181,-0.0230479653815249
-0.0170675931266144,0.0073707400819336
0.0167389960514112,0.000660152815903711
-0.00334830240566707,-0.0194449065417554
0.00949913565237934,0.0183478764567414
0.000936424908755758,-0.00505115789918516
-0.00479829019999992,-0.00281504664670508
-0.0435797955689705,0.00881345632154353
0.00906672122340875,0.0154248836697265
-0.0104549330132453,-0.0103212421286233
0.0128316578784593,0.00114254171595282
0.000482865716320919,-0.0183106154072678
0.0197743171658328,0.027695221006711
0.0217904003687106,-7.15625405177429e-05
0.0306182866519748,-0.0235033576391641
0.0265248691910309,0.00872137990456617
-0.0131460548222641,0.0125958022579444
-0.00439773170925097,-0.00226193425656097
0.0489513678889252,-0.010857909757296
-0.0140559563397127,0.004855387463781
0.0198073809571325,0.0109549119005759
-0.00305546864643739,-0.00159386863237732
-0.0156648600626773,0.0296904480892139
-0.00655781623223696,-0.0119934954705003
0.00784071385629042,0.00580075363391713
-0.0176445941414534,-0.0117306644947312
0.00520806294190102,0.00530047598139116
-0.0118640211736435,-0.0299721728501793
-0.00372914782132255,0.000127814469695085
-0.00942213543974134,0.0117207281544598
-0.0417220321563145,0.00717261008186059
0.0105328111481883,0.00697274819683013
-0.0808175332488275,0.00435864499785308
-0.00389390701842954,0.00135497837024918
-0.0182712329329108,-0.0119861883669855
0.00397413264053566,-0.00991206661712927
0.00754309154185306,-0.00525449976384919
-0.00295667284901644,0.000287912506485755
0.00746012098910406,-0.00944349189880243
0.0318232174277515,-0.0107907637175672
-0.00878339231320215,0.0142668933569329
0.0244589073174084,-0.0185296912157638
-0.00184504896977548,0.0132433669990534
-0.0237562587884999,0.00294745071805562
-0.00190047863751245,0.0051562134982427
0.00730183623143552,-0.0123486667632817
-0.0119208605313908,-0.00492019599771396
-0.0147231002527072,-0.0112611091258166
-0.00648040607587665,0.0126328569878567
-0.0312084837383892,-0.0109876360057375
0.0119691445958651,-0.00453587925926658
-0.0017456115836246,-0.00324999087437442
0.0187118985934542,0.0102310403043442
-0.00157353526701027,-0.000866523894354527
0.0104165259927666,0.010051801229489
-0.00385863568760098,-0.00635462251480099
-0.00281538841338172,-0.00136462021404443
-0.00451867303882778,-0.00438771990871789
0.00995112128827822,0.0117485591464296
-0.0275570365348906,0.00388272055912617
0.0760677076630307,-0.00368113811415617
0.00273943252205753,0.00817965765135953
0.000393940317627021,-0.0104784017600114
0.00459583530224429,-0.0264279110947115
0.0637455394036766,-0.018011838511274
0.0111263197478509,0.00118494175231527
0.0553147369446683,-0.00609459880804476
-0.0138180275717199,-0.0352041417662137
-0.00257505684078401,0.0284643709075784
-0.0382024333303057,-0.00811305027294655
0.059479298874443,-0.0203425096095138
-0.00672990310758015,-0.00902256885849306
0.0522646625695399,-0.0127138299245951
-0.026462577220622,0.0217924831412297
0.00827309973465304,-0.01921951702479
-0.0101526172926306,0.00752134872423243
0.00851186399516808,-0.00323920335151219
-0.0317276881005939,0.00336792602013094
0.00629618972216273,0.0091981332942634
-0.0263351144739866,-0.00174874163957316
0.0076285780637554,-0.0100295801300544
-0.0925810911865495,-0.0396338385503697
-0.00161503423398494,-0.0115978812063344
0.0296397756996827,-0.0124580183509999
0.0302152194024854,0.0143040724995102
0.0138641367316469,-0.00823797365740713
-0.0245548742504042,0.00649954612349409
-0.00833851283202995,-0.00120370509587715
0.0228215683438826,-0.00407276470079339
-0.0105649941820708,-0.00280672222115251
0.0104929632715985,-0.0141235396428109
-0.0177237856462675,0.0133626931092617
-0.0677570016592182,-0.0169593119223681
0.0232518222771327,0.00609458846985435
0.00519366501224026,0.0116781343011409
-0.00833401608030889,0.00208142643918907
-0.01587672748599,-0.0464435656090719
0.0308599375348718,0.02617638050739
0.017607295344022,-0.00909196731240352
0.0571794175739557,-0.0144576239279547
-0.0221406278217288,-0.00270314698828955
-0.0356442707819351,-0.0250244071999792
0.00333972702246634,-0.0037256328884686
0.00527081611044645,0.00669630032703374
-0.0272406354710642,0.0110358119034655
-0.0210060958336021,-0.0191840434761887
0.00673186020448111,-0.0100143543026941
-0.000406645109890808,-0.006850914837297
-0.0101222747915607,0.0169306044914409
0.0183947010069143,-0.0113029442141426
-0.000682004520550665,0.00540117070065713
0.0175485089645464,0.0128165808475154
-0.0106900940189561,-0.000230183281091017
-0.00598646201149957,0.00432529331543388
0.0427618399910848,0.00769010255143423
-0.0728890237373436,-0.0453293137789277
-0.00108285862952785,-0.0263938896696885
0.00554394794752784,-0.0315768434947384
-0.00799941802928256,0.0212054243601041
0.00803584372260622,-0.00971952555570495
0.00828761426201562,-0.00603571464591043
0.0399889440702946,-0.0103087632624724
0.0117748467562134,-0.00473698494707957
0.0021111648639859,-0.000911528531742364
0.0124545305822018,-0.0292564109657668
-0.00863295503493647,0.0154617870553143
0.00780115359040028,-0.00273856475612905
0.00615594193862742,0.00016723310963229
0.0175586583018987,-0.00821691670240424
-0.0527983880087306,0.00141532920872802
0.0200218380551852,0.027726861127418
-0.00744230743641197,0.00146962826895444
0.00353093211318793,-0.00307288921871334
-0.0171510565907671,-0.0133953074650062
0.0286239114250339,0.0165024470704287
-0.021945552079726,0.0190331508536669
-0.00994410563173782,0.00850188373801641
0.0230557330072617,-8.96673119510657e-07
0.0336668169257843,-0.0152869051442709
0.00721380575731752,-0.0122888959959636
-0.0448139089133104,-0.0369041761872923
-0.0329583181631066,-0.00911551410987547
0.00329389372290667,-0.00190831315102113
0.00631571696400995,0.00467569002536044
0.00618228169466667,-0.00360694538340878
0.0402770625343176,0.00945517810310854
-0.0337972406128743,-0.0249587651400038
-0.0309409253197469,-0.0176423613689397
0.017966896895242,-0.00219647703567794
0.0245315179678808,0.00174313719606129
-0.020951446296215,-0.0179101373142873
0.0120396641266118,0.00148854226885891
0.0200350684465872,0.0100665685823107
0.0501105255360264,-0.0487200131886763
0.0163751379647685,-0.00635236870526578
-0.0320880562300056,-0.00822944387893705
0.0411009904032831,-0.00491032753221678
0.00136394873389701,-0.0379539351829119
0.00339261579447134,-0.0261290557365345
0.00771716443748575,-0.00431009366763738
0.0212540352095573,0.0118785805096187
0.0100807135093717,-0.000762127178804147
-0.0419279315924798,-0.0141656257511393
-0.00190448506731233,0.00285210848084504
-0.00108847589848865,-0.00807449460225078
-0.0231267369979512,0.0173335009752605
-0.0223010459711463,0.0157138819721153
0.000977397995666111,-0.00953080476634394
-0.0346071682218024,-0.0129731333712481
0.0030340101768628,-0.000136766109722373
-0.0191777387442219,0.00632328664443335
-0.0385153125056145,0.00943885060664295
0.00396418022747735,-0.00415265396992417
-0.0402688358408893,-0.00367146938138389
-0.00420438625035522,-0.00171790449746727
0.00407600092804791,0.00168095090506953
-0.00353085217750072,-0.0107019136417028
0.00363244124283726,0.0111036880932664
0.0188437656964952,0.0025473708852563
0.0153321630293067,-0.002861017141782
-0.0325024717171998,0.0120071848857593
0.0407149091555664,-0.00656648384792188
-0.00718350640192488,-0.00531616123675605
-0.00445596824296849,-0.0202934728255878
0.00486849136801445,0.021212820367906
-0.0263626695823861,-0.000667697119636925
0.0269180105595979,0.00825115606718851
-0.0100774642904783,-0.000680894094714872
-0.0194276907298295,0.00802856890149265
0.00218223307406964,-0.0022673706282956
0.0413933136569393,-0.0020734369828598
0.0110272439334002,-0.0163135862040469
-0.00881794687964654,0.00716072162091997
-0.00041745002027602,0.0122922234774123
-0.0280351154579583,-0.0243019919181397
0.0055766550614421,0.0225118793056164
-0.00763165876722915,-0.0183260181210612
-0.0313961407622833,0.0178622940247268
0.00101648645089295,0.00185444137481459
0.0205003492985378,-0.00222834330587902
0.0210858577803745,-0.0135058589805171
0.0183018691505609,0.0268103946729238
-0.00847802587358303,0.00971335826357534
-0.0186545939178086,-0.0330565396465236
0.0218403689094779,-0.0037694143335849
0.0189123615210466,-0.00640418806697213
0.00202104477703712,0.0242199292549467
0.0256813795846224,-0.00812710662634383
0.0671633803453398,-0.0158648642370491
0.0129142054046011,-0.00467099733520234
-0.025058644948863,0.024355286962015
-0.0146920721040666,-0.00569418520241525
0.00394648685419524,0.00361139384888897
0.00453212498868338,0.00871640515073888
0.0163933659041939,-0.0393593081767061
0.0168279057133963,-0.0156224764594124
-0.0468542933973386,-0.00450845243702937
-0.0252958050309845,0.0178638558985518
0.0164466418651779,-0.0169001320384928
-0.0397300911361367,0.00431350069075659
0.0677742832531526,-0.00383530978686596
-0.016371749477867,-0.0348651588843773
-0.0218371594675354,0.0245529073960745
0.0327500079779584,0.00315163724885186
-0.0234119591896036,0.00453504741924097
-0.00894525051839446,0.00253986775933615
-0.0290619121126498,-0.0111866391271674
-0.0025464393520847,0.0107101269878476
-0.0126747035674844,-0.022194384718812
-0.0074105070243152,0.031147962322676
0.00260509055164916,0.029025808552158
0.0137228924723093,-0.00997385359690859
-0.00278962481655909,-0.00228730139460568
0.0507349746452685,0.0222842041150286
0.0177784180635581,0.0249071705368711
-0.0245657506913202,-0.0153943112584333
0.0224345430971952,-0.00897457706326972
-0.0203048917791891,0.000451793349663582
0.0182305926976035,-0.00660200820124689
-0.0264459856317233,0.00631922981668349
0.0141552819958518,-0.00296966607890587
-0.00331255479836098,0.0142342480536837
-0.0129355997323548,-0.0116975635903321
-0.0126155424013923,-0.00373298459990738
-0.021983975778065,0.0108226254363688
-0.00421863510031116,0.0415466751780619
-0.0265656810225902,0.00241654633719378
0.016290670949587,0.00801692574456997
-0.046962586658546,0.0112406041800754
-0.0161474373003683,0.00982060624937693
-0.0562952094254731,0.0185108771782761
0.0139787151113883,0.00899840026370861
-0.0593965783765853,-0.00432562403481629
0.0224503261705742,-0.0133477804494722
0.0519927243020621,-0.0181283311703987
0.0187697707564715,0.0063363578691101
-0.0181928349892918,0.0134743509717636
0.0424055025587122,0.00355717711888978
-0.00106812929135481,-0.0100310218144768
-0.0515504020957804,-0.00903806944945616
-0.00939856443952711,0.00880699459497304
0.0075269851375498,-0.00419463131166566
0.0374202235693574,-0.00959038280978218
0.0250301090289817,0.00381854547250993
0.0180579272449651,-0.0250639340173819
-0.0403962244237615,0.0237164154535528
0.0195289788417664,0.0108900147297108
0.00476066102645684,-0.00575662520755514
-0.000290849123312253,0.00715448146645444
-0.00133905429933947,0.0233563942064834
0.0320245438788458,-0.0140778488810068
0.0146791352192789,-0.0127309076610038
0.00621722632204664,-4.6973607020092e-05
-0.0131517812887428,0.0027114276923464
0.0252194289423815,-0.00302952547811651
-0.0240991019894242,0.00141468055514715
0.000876600377566056,-0.00166558777058968
-0.044671570947692,-0.00388067112134615
0.0292374579395968,0.0255268099940842
-0.0205413303793251,-0.0203834300951911
0.00455009162838158,0.00280865650018223
-0.00298716137151943,0.0163300379353759
-0.010617348537764,0.011136728322591
0.0240488243475126,-0.00796219589514541
0.0215011236950808,0.00481746077670346
-0.00665349698115017,-0.00652254045703478
0.00595343503599129,-0.00103748144354126
-0.0149612980447421,0.00396949326226508
-0.0277030429719977,-0.00779465809909208
-0.0207252108273835,0.00370187033877974
0.0244214813828733,-0.00905220537400439
-0.0745352734227312,0.0248967979776551
-0.0279894949650698,0.0135373566315779
-0.0197121365142714,-0.0125785463306688
-0.0109342030993043,-0.0158083244969535
0.0210266344750463,-0.00170024053055933
0.0237952739624889,-0.00288912438750407
0.0111772401203654,-0.00115866897780948
0.0184676145792838,-0.000177670237507647
0.0170742359448468,0.00190088318042941
0.0258857874165627,0.0129199194610835
-0.0147402199457313,-0.00270333818363334
0.0157474806223492,0.00800369471628061
0.000148673402449094,0.00636783722376571
-0.00918410490524351,-0.00299405054295453
0.000704521750521066,-0.011533540335362
-0.010815798396542,0.00505063694342434
-0.0226467999968618,-0.000735276342963618
0.0136721423310135,0.0116247575825055
-0.00439270611852578,0.00337670606394151
-0.0291239494935454,-0.00189484189861907
0.00739106816693777,-0.00124696612674795
-0.00524460709374206,0.0092953710690333
-0.03770976880137,0.00021276436659371
-0.0256975646929789,0.00153563559645024
-0.0105605521617222,0.000514287819460811
-0.0469880611290522,-0.0253322816762497
0.00651978767962359,-0.00908729879070335
-0.037459405427422,-0.0293738269678789
0.0163654328188043,0.0142106883720812
0.0564889478102698,-0.00547313585741119
-0.000670664918899441,0.0140297128922931
0.00320938359289885,-0.0014796230404246
-0.0204745803303359,0.00771607146288718
-0.0285643656777339,-0.00142688836356441
-0.0467575221690311,0.00705614476060658
-0.0197032606000743,-0.0106009802188758
-0.0319255590681915,0.00997851028612313
-0.0145870416464554,-0.00335449009348825
-0.0342165565113124,0.0155672769878232
0.0229442122995858,-0.0154904660177993
-0.00294856840231212,0.0195392004722677
0.0368621308367263,-0.0346497745731799
-0.049979366486209,0.0122603137953556
0.00124681149226759,0.00608525112106756
-0.0168995111278393,-0.00829818953209445
-0.00453687348525598,0.0107227832004757
-0.0124477622815514,-0.00591192979132638
-0.069872970217549,0.00368339401594302
-0.0244301337264107,0.0308045588817036
0.0245092423094069,-0.0100834381392519
-0.0135590446858821,-0.0069288643771533
-0.00329872405865841,-0.00427390416748316
0.0423044308025197,0.0163142325817604
-0.0490733888844133,0.00298646766771299
0.00158336547076688,-0.00319198139573853
-0.0133227468553458,-0.00927416746916605
0.00591440026888079,0.000213012510393988
-0.002664381893839,-0.00178172210939934
-0.0141656448282233,-0.0103351543717654
-0.0232358231425018,0.0131632571822797
-0.0164432082335286,0.00651164955187161
-0.0132694928869092,-0.0110593167332262
-0.0200221565095069,0.00395635723200467
-0.000570383969162756,0.0147911503267915
-0.00750986945425354,0.0177793732554404
0.0164430578733273,0.0224234409735104
-0.00840417353356205,-0.0199681322894271
0.045630175231021,0.00718577701151373
0.00994719203267485,-0.00201159325915616
-0.109805170908484,0.00244244530742645
0.00302077195208413,-0.0158786637145339
-0.0364329456174395,0.0173596130774729
-0.0240373841257872,-0.00308773134773772
-0.0549938503544343,0.00977769502447274
-0.013080366324482,0.0118560606934731
-0.0231885215765818,0.0225067899094303
-0.032309934084577,-0.00480680837297996
0.0396128150758227,0.00129450039966325
0.028725652304806,-0.00870626946183767
0.044355651736494,-0.00422873766597488
0.00936894667869935,-0.0047792798757357
0.013968559477604,0.00750561237091495
-0.00226679772936835,-0.0187885655762241
0.0334054289436702,0.00221625416502191
0.00871061992266376,-0.000302164868294759
-0.0383716834901219,0.00450640038879809
0.013337601307408,-0.0036328874824444
0.0291189830324643,-0.00900431070913826
0.0325493765934971,0.0125874876122039
0.0172649815685506,0.0451232507158454
0.0146208582161903,0.0155672231282853
-0.033013592232749,0.0190995178841126
0.00115827677621388,0.0152657912590538
-0.0458949552489137,0.00751636130441327
0.0444697037608409,0.00351853035171607
-0.0215368574948639,-0.00929638346345439
-0.000612220372402968,-0.0174759647263826
-0.00716909148406395,0.0167055870200784
0.0110025132760051,-0.0274160017745413
-0.0172329384066443,-0.00841883420237555
0.023477467382041,-0.0040651104356888
0.0184856299099973,-0.00221021303609835
0.000366829358121282,0.0055322981525564
-0.0382518485436326,-0.018185395083272
0.0578197063659079,-0.012735842783658
-0.0340760611156709,0.0143267768381799
0.0441859566129894,-0.0296195381888499
0.0491742728024727,-0.0135858581708083
-0.0148817559852068,-0.00994753303843167
-0.0144956928422241,0.01703361673897
-0.0250865845275341,-0.0123121946391128
0.00169320604690306,0.00636975932759556
-0.0473784825496645,0.006787814747581
0.0140650059334537,-0.00231239412695634
-0.0294175529883441,-0.021059482008813
-0.0384016361064269,0.00327305994646067
0.0108681488646974,-0.0161748534889564
-0.049419191372053,0.00340676953851626
0.0241184513690322,-0.000649240333575956
0.0334826724346785,0.000950044442188355
0.0491299592341551,-0.0065920555497325
0.0312364172000227,-0.014780642901933
-0.0175056030145853,0.0103651351662974
-0.0497150202354674,0.0105775714177501
-0.00523651410030228,0.0246715912835375
-0.0453103243418973,0.00351599267516435
0.0119126433144498,-0.0211787385445339
0.00136777457435911,-0.00641252432031311
0.0183234774844067,-0.0128500228194094
0.0116588728817222,-0.00497813177457026
-0.0235941136622195,0.0128776410690115
0.00564787967428817,-0.023690555994969
0.075369035200011,-0.00374247524109089
0.0177063295686686,-0.00815804609085735
-0.0116977055206082,0.00742401384258461
0.0086414924356925,-0.0211489442587267
0.00303076663530139,0.0140921709137763
0.00788381070716599,0.00164723504751904
0.0159998764957655,0.00157269255627882
-0.0397037671204434,0.019214541279025
0.0248290127469487,0.0127903975945777
-0.0117725369704969,0.0177594027682895
0.0370897123651468,-0.0152062503509916
0.00922104097697892,-0.00184424163928357
0.0217042783412785,-0.00862049708428819
-0.0383030177750934,0.00951408976919647
-0.0163145994484924,0.0015893002320631
-0.0104407156351972,0.00738020381676455
-0.0172921968922559,0.0139929944419208
-0.0220734302527605,-0.00280678100956139
0.021863200281965,0.00920681854746941
-0.0441592489742158,0.00278168513136502
-0.0239450123547716,0.0294207510714946
-0.0308559137429978,0.00649949237294871
0.0133751562543006,0.00896227640899872
-0.00854544971255476,0.00482573613015871
-0.018631534031012,0.00176615633316943
-0.0129907395952084,-0.0141601926984064
0.0108135059128125,0.022360009691075
0.0346139340308671,-0.00466352268412632
-0.0212919725900276,0.00834203398783902
0.0188384470805356,-0.00906775180134797
0.000257277478852391,-0.00193834243585927
0.0301967155156278,0.00114674754213707
0.0161535766264309,0.00477911004352958
-0.000299873030807254,-0.0204435685271716
0.0493576232442771,0.0189384845235226
-0.00522436028366018,0.0046125281674027
0.0010805576902501,-0.00145644579103723
-0.014115472757365,-0.00861697922248312
0.00678986925701138,-0.0146636422149745
0.016161526826245,0.0311449185101554
0.0327259956008165,-0.0219572508562934
0.0182542472574032,0.0101579131868986
-0.000428812065557564,0.00236115474648422
-0.0414494051269903,0.00259273955557152
0.0236042260094268,-0.00606363046646576
-0.00223519042834603,-0.000696264640175281
0.0155094221175801,0.000157649861605255
-0.0042287945567108,-0.000790408838382305
-0.00648975068221489,-0.0100233723992986
-0.000637863202639325,-0.00275092714997316
0.00234082910342778,-0.0209362721786533
0.0204723986475012,0.0036088392269002
0.0032193735183842,-0.00899742719985775
0.0116300955149787,0.00381081794597947
0.0254141254222019,0.00165220563130331
0.0238081555348475,-0.00543788981152025
0.0183714713864146,-0.00923388270988296
0.00645821388106833,-0.0192417451595443
-0.100658294745717,0.00644798950141312
-0.00693896608509599,-0.00308991394795198
-0.0109657764798491,-0.0057680642583982
0.00529029577792714,-0.00580475033341627
0.000689922022642508,-0.00178682265338954
0.035375299524415,0.00834275332447315
0.0165869403278047,0.0182040908579845
0.0679568419236284,-0.0085230144714624
-0.00932242122858006,0.00505029287298573
-0.0350507326700105,-0.00255830905701673
0.00644627811580507,-0.0140084301862342
-0.0189186992784666,-0.00224184980613739
0.0152960933837299,0.0195437763528888
-0.0149707490409573,-0.0168847797220775
-0.00810213725666791,-0.00693128840380205
-0.0035125789875077,0.00634283541438872
0.0475595145661905,-0.00202851628844891
-0.00161394982365904,-0.00952139184282368
0.00518519102054152,-0.00470075700253233
-0.0050016113596975,0.0187253582714424
0.0451840799619934,0.00280166823878191
-0.0233143665722304,0.00310144496908281
-0.0816307280772521,-0.00729440770029259
-0.00985181486826399,0.00872070032188379
-0.0145400101348088,0.000380707810701913
-0.0063297743303456,0.000552832866887905
0.0453953848920168,-0.00572687681421738
0.0120493254517378,0.00538651100507269
0.00965261544379342,-0.0234967805549393
-0.0544361372099116,0.0265743570177568
-0.0755237154105735,0.0026325237253253
0.00906559792034623,0.004438093000967
0.0141910002365271,0.000748595318665615
-0.0160327538101276,-0.00670895041552301
0.0197249329632008,0.0104480624742896
-0.0135653435614895,0.00645767830600419
0.00214414999231946,0.00280298674472802
-0.0185009638415489,0.00434704343657337
0.0282558479745477,0.00670026388330869
0.00462419256598441,-0.00967685658680075
-0.0215506800581084,-0.0106291474424045
-0.00906594706832305,-0.00653343618007058
0.0174554093077363,-0.00193691923746375
0.0092970090409067,-0.00106505208447055
-0.00562906740760298,-0.00423670678637999
-0.015206273124855,-0.00362222898451873
-0.0497122091608977,0.00657442642869211
-0.0384433557557527,-0.00240723685086456
-0.0210434309038765,-0.00129815208305423
-0.00798311783631995,0.00438110175676502
-0.0188465917787792,0.00446813842991452
0.00779144472412757,0.0133225280346093
0.00443081952586707,-0.00178940392722458
0.0689974270331666,-0.00961134356613661
0.00733569339598647,-0.00245183270340828
-0.0138819837273326,0.0164743950348775
-0.0551992325732196,0.0161139200492499
-0.0215876708912566,-0.00585068707012348
-0.0107492592924047,-0.00563388090509822
-0.0122268542570369,0.00839149792768106
0.0233749248643808,0.0221024994173137
-0.0173697147122909,0.0127749794707607
0.0158172704777184,-0.00636519466454353
-0.0349408456297008,-0.00686399308313947
0.000306431595268664,-0.00548687420696787
0.00197508149633994,0.00674806891913777
-0.00471622880901209,-0.00418902073257724
-0.0159228434461676,-0.0128567885918482
-0.0213032908297026,-0.0191705984829009
-0.0307719632655358,0.0327084225508949
0.0323133110300143,-0.00848096281604047
-0.0294394667378992,0.00189353940217007
-0.0499420463149204,0.00767315539694387
0.0135149579992661,-0.0149513040555075
0.0160711518786087,0.0240923026908138
-0.000217332561970855,-0.0132876408070611
0.00307183272220849,0.0042461669485327
0.0774008263050713,-0.0201336554464878
-0.0164970205557262,0.0138541309030187
0.0051071716300735,0.0457237257960956
-0.0349748305783384,-0.00922678788598286
-0.0110811996565465,-0.011229895433375
-0.0101563749120395,0.0191731774208946
-0.00697900496511034,0.00200993573755932
0.0881048068157071,0.00860764894398694
0.0053312135620855,0.0179693422312005
0.0208416790510689,0.00152290801249842
0.00507656280600931,0.0137472490549128
-0.0067684425140733,-0.00708134554912112
-0.00659606123450835,-0.0244252133045309
8.60845685564257e-05,-0.00511779521760205
0.030378096910073,-0.0186486331780042
0.051118590524413,-0.0119950570073117
0.012838314194247,0.0226304070453918
0.0164407255096928,0.00493053902781396
-0.0152002205294094,0.00603202943381711
0.00751680963326269,0.0211805866316513
-0.0288075042938013,0.0161239521484188
0.00960843952902575,-0.0144627560609058
-0.0111640046869286,-0.00364949700180963
0.0504851577130528,0.00495464099406781
0.0221480178310928,0.00655513672395458
-0.0072485613436481,-0.0117365471641303
0.0411762266732609,-0.0140706596026356
-0.0220455178131189,0.00236739477046284
-0.0255264375434873,-0.000543061316667543
0.0465600512400783,-0.00587849556892064
-0.00901557435819808,0.0191982336271625
0.0103972353368697,0.00329905025470336
-0.0197684554859675,0.00685562587944793
0.00855557489957285,0.00275902403314194
-0.0278020031020381,-0.00885285581450735
0.000625467146170754,-0.001570458093295
-0.00264518140960769,0.0112770545595514
0.0557609753808729,-0.00558762536464782
0.0271506660421829,-0.00965086632187802
-0.0500252020142648,-0.00214853271346516
0.00985917005025089,0.0101669067082802
0.0174876574575656,-0.00709409650553326
-0.0202659376178888,-0.020403006687075
-0.0126784100732011,-0.0077292133995418
-0.01932826086584,0.019254775674731
-0.0219956083720607,0.00390076728551686
0.0311103976057945,0.0035436365823137
-0.0466550117891335,0.00365088353528501
-0.0196935433394137,0.0107873861685798
-0.0117198654535901,-0.0169565876066298
-0.0210131508276352,0.00640524006774393
-0.0156884545717627,0.0140277932447058
-0.0400737091008648,0.0143460171858376
0.0134794729794156,-0.00616509779027119
-0.00016386700233972,-0.0102832150990635
0.00207224626736991,-0.00331874496261633
-0.00173829520634811,0.000585294441996286
-0.0125670524323173,-0.000566200858470192
-0.00947140667356639,-0.00844396959633916
0.00757436585358413,0.0067262646531328
-0.0163406462475813,0.00748328796113559
-0.00760928321194607,0.0357786313683131
-0.00317011450282488,-0.0104041421242999
-0.0201336806714312,0.0131128803928779
0.0241031504240317,-0.00378541301583789
0.0176731770023182,-0.00224581835055667
-0.0331206030721763,0.00860227103246951
-0.0421541462783019,0.0197884485294347
0.00202532239788512,-0.00362621039361182
-0.013477712839886,-0.00147314835067879
-0.0251019089812752,0.0155269455262039
-0.00968994658093913,0.00538608303055242
0.0242605253914462,0.00554823140984439
-0.0089623337473108,-0.00704012381283796
-0.0318688119619657,-0.00224624850646481
-0.00861915643830618,-0.000516847976820485
0.00438485315760973,0.00799026306134444
0.00415423295357053,0.00279038080449433
-0.00727523519027024,-0.0143386081704562
-0.0591470335959072,0.00597950372244518
-0.0490750981785288,0.00581457977497102
-0.0861329992012791,0.00139667886137755
-0.000848100196315383,-0.00377972756152995
-0.00150380330993813,0.0129042150696494
-0.0174911826117262,0.00180934887702532
-0.00858772731538378,-0.000101064675799076
-0.0229243935432343,0.000985519078298255
-0.0148491518692391,0.010347437303933
-0.0222600130509693,-0.000218824518771134
-0.0160918879478151,0.0161021855815332
0.0034043271185366,0.000534711060312654
-0.0566084836098139,0.0151314953475024
0.00239206738330488,0.0016394081063418
-0.00861052517360586,0.0123855165548192
0.0266806325892068,-0.0212853566953671
-0.0227361447692237,-0.00122647246986106
-0.0130153649791203,-0.000952596514458491
0.00635543871503288,-0.00864977766212085
0.0105750403759518,-0.0195054325391424
-0.0281444143116661,0.0330756714559036
-0.0581561270239998,-0.00809401604950908
0.00599937490292872,0.00440475769518579
-0.0329998016732244,0.0244275641908996
0.0550185911543982,-0.01210171418084
0.0311654486508331,0.00746549143171443
-0.0185962454061101,0.0188267021750206
0.0113697038901314,0.0197491982243951
0.0189743509393191,0.00628781314208727
0.0173495857541008,-0.0262963230123437
-0.0243690955423885,0.00915919849136055
0.0162311037923536,-0.0127241336669564
-0.00743395368086968,0.00366145335050918
0.0682150198567483,0.00445767317067334
0.00873695239225259,-0.00800075466450205
0.000662353900241816,-0.0103412736149371
-0.00613778418318674,0.00273685455367478
-0.0333268520526382,0.0297920011362754
0.00257989586377025,0.00814598851710244
0.0233978816433273,-0.0183458324135883
-0.0280604659191073,-0.00534007598587732
-0.0419461287684143,0.0114501040640121
-0.0227715168144058,0.0104368589798542
0.0149229745315672,0.00227156397338831
-0.00221035354506994,-0.00331007148661368
0.0193909970216673,0.000921268967968613
-0.0117008953389798,0.000885700045829251
0.0398808887113258,-0.0344257260412692
0.00489873167175194,0.00652339880264746
0.0357910976028242,-0.00617192438732823
-0.0116791094866593,0.0216571303246068
0.0805196045288538,-0.00770204776328977
-0.0233372428365072,-0.0121355717576508
-0.00465825301105733,-0.00770620203191891
0.00210149532372223,-0.00899540288460444
0.0346294840117316,-0.01117690379833
-0.0123545021846232,0.00475919166491595
-0.0190293798495859,0.0184548825062245
0.0208985976749985,0.00859218005042537
-0.0381802202987864,0.0116658377359396
0.0377936633351324,-0.00286780435116857
-0.00892298789187206,0.0183321758127285
-0.0110224531119486,0.0083933106083412
0.019770046527124,-0.00873699448031216
-0.0261517919108808,-0.000596105993370293
0.00316752453255586,0.000763316102177152
-0.0108710857536797,-0.000649251915556781
-0.0416202387468482,0.00902450242949712
0.00189193502329198,-0.0218334986304316
0.0333429241645137,-0.0104800546797222
-0.016642781700636,0.0145240504774721
0.0250554055562591,-0.00343717660651053
0.0140407110179401,0.0302919903514898
-0.00979864280312231,0.0123437414349554
0.0131735906312428,0.00543849911412523
0.0119700898903198,-0.0164014442829685
-0.0205636652618286,0.000616012461601491
0.0174755383474344,-0.000694896916604734
0.0123595751878666,0.00562666067197589
-0.0435636479181772,-0.0143578561530893
0.0333238457607583,0.000566477501789395
0.00590383800244449,-0.0158154161778275
0.00745470114673231,0.000786462998506128
-0.00218496899370152,-0.00432973913442565
-0.00376279283046919,0.011817171060099
0.0333135730033963,0.00104573806380003
0.00760213078145925,-0.0175695925337677
0.0223416633766551,0.00815717256247183
-0.0605475289217014,0.0187239847703775
-0.0281747382879791,-0.0052127045429919
0.00727995656022789,-0.0210085854755455
0.0628552022507314,-0.00522316685653319
-0.00554601949522635,-0.00283607818016248
0.00654685650562186,-0.0134372574487105
0.0245769384217127,-0.019007619457661
-0.0169449978343126,0.00383965889575513
0.0321905590324631,-0.0138551569454746
0.0449888476195767,-0.0344680071071215
-0.0290326870742356,0.0034328790501466
-0.0211342882788412,-0.00271583947502597
-0.0600576940141,0.0186131930006728
0.0566525040700709,-0.0129769612856053
-0.00594832356761924,-0.00839468728317409
-0.00425089674111956,-0.0105196774989912
0.00115710462468557,-0.00225933513655857
0.00942879625950392,0.00234245941445283
0.0174206750565067,-0.0129557318428032
0.0324866679890654,-0.0142814858330333
-0.00519654947316559,-0.0222479961938592
-0.0416205062866728,0.0200304906715719
-0.0352705957807316,0.0125174070665224
-0.0169728088043323,0.00528319974787511
-0.00267525601086749,0.0146208088676777
0.0020250518349406,-0.00834083448118711
-0.00741925526885436,0.0140118669431588
0.0415936957409534,-0.026831274465183
-0.00735754534357701,-0.00421705976280472
-0.0106283237866311,-0.0174736334773373
-0.0153876171381783,0.0173079163254945
-0.0125905213548505,-0.0123410477965756
0.0661830096403503,-0.00349684591693964
-0.00947909259691366,0.00857347793622913
0.033622893776973,-0.0292869633572352
0.000650673377720376,-0.0105267776826844
0.00443075713503718,0.00893336232963918
0.00619058209480808,0.00875885109393907
0.0608511360993363,-0.00952403016014439
-0.0724895606885552,0.00101283316471496
-0.00110529428688344,0.000486139167202592
-0.0196097103870875,-0.0109765015205617
0.0233107721160316,-0.00258102698905019
0.0412552024174845,-0.012472917482495
0.00154392471224449,0.00863078903247142
0.0137631652633734,0.00441349314463556
0.00354381760067007,-0.0048372546674555
0.021349279311623,0.00867416630484422
0.0150724549035742,0.0208809822430233
0.00666421210968739,-0.0172863236646916
-0.0457244787416352,0.0318205830805467
-0.0275247874526001,0.00851646692224385
0.0330672400566124,-0.0120122046932064
-0.0142009112772341,0.0118343588506266
-0.0086625197733184,-0.00622903606722638
-0.0155066547724497,0.0318548471718043
0.00428456951868017,0.00845370744960745
0.0307467903192895,-0.00198564627746194
0.0491761944373546,-0.00232297754164925
0.00102448672789945,-0.019316910232569
0.0177812039014814,0.017078453145344
-0.0243411080418773,-0.0115929314906995
0.029240234750713,0.0102582091324271
0.0144006912955868,0.0108776501371384
-0.00155761207043418,0.0189011653125905
-0.0309369314846526,0.0144635568314368
-0.0376871295154101,0.0252085128404342
0.017831286324807,-0.000825090001341843
-0.0104854331098875,0.00400029904526007
0.0307054952224896,0.018440252419543
-0.000261906624070245,0.0223244568243622
0.0130498915952391,-0.0126768651622082
0.0015467563121854,0.00302567293324832
-0.0173201721835636,-0.0331406787077086
-0.0175922736448321,-0.0343325108215546
0.00869830482976088,0.00757677637999517
0.0225843281913978,0.000388885053619653
-0.000898666635309978,0.0104324943269542
0.00176593301634091,0.000694916416893357
0.0171595288284181,-0.00578684432677119
-0.0592229525301472,0.0271692290602227
-0.0361205827117472,0.0374537023140838
0.0307537638327724,-0.0313454996790402
-0.02418975327035,-0.000403595720269632
-9.082181377502e-05,0.00890481222612415
0.00389849951199459,-0.0123604639017232
0.0138670178313689,0.00979416805423119
0.00757755394976209,-0.000612001164838369
0.0203080533953762,-0.0182058521328861
-0.00254073630658734,-0.00187429748237687
0.0104067888177886,-0.00668000943156744
0.00861528802433727,-0.00309969191917752
-0.00298119324078997,0.016164846382504
-0.00752580993188666,-7.40823466031343e-05
-0.00715921926250077,-0.012313190519606
-0.0198018698882629,0.027743732902123
0.0390958547587335,0.00587318640664597
-0.000625159214082947,-0.0010698930376139
-0.00670022015472815,0.000588000651213062
-0.0618001733230654,0.00216756194837689
-0.00499867985869441,-0.00521908239640558
0.0519947463170936,-0.0106375677032408
-0.00744187246655444,0.00742727578248983
-0.0182806971912276,-0.02973883119643
0.0216068631538333,0.0222007434680988
0.0419804542464194,0.0223952352125682
-0.00926799883929811,0.00958764184301088
0.0288243261138457,0.00217169013488079
0.00206265377132037,-0.00083230243541418
-0.0492466775051898,0.0198863432278968
0.00880416100939183,-0.00113600683056377
-0.0202057928580856,-0.0101426617180888
0.00843325162373699,0.0075843217261986
0.00478769376794723,0.000258857527218611
-0.0340865591435697,0.00596888392641895
0.0322655744183496,0.00803872802100941
-0.0158717893644961,-0.0103818998797014
0.0832497207176762,0.020107656069678
0.00467174912394681,-0.0363553585055911
-0.00615157734075738,0.0359380109870973
0.0276894211649066,0.00218191172431658
-0.00659845112073555,-0.027765728913211
-0.0103101904886624,-0.00112927991338504
0.034029937359644,-0.0194117547780964
0.00534808294156959,0.00196759931237745
-0.00108809795015279,0.00567530517135237
-0.0061245605305206,-0.0113753583815689
0.0234068017540082,0.00829994377855827
0.0308577651323657,-0.0015926691870154
0.0106657698049116,0.00287759704562941
-0.00390046647300386,-0.0139802413142353
-0.0490402211673106,-0.000560017602059447
-0.0032007422054772,-0.0195975586418529
-0.00442957914697623,0.00541940043587811
-0.0101286228912149,-0.00409015416905225
0.0171696696302541,0.00873714087293241
-0.0212218942616586,0.00421479217559696
-0.01405791650002,-0.00693024795061126
0.0399289473932924,0.0175276828306025
-0.00131569802322704,0.00378877464555202
-0.0043964452971746,0.00119652880533394
0.0181866625974801,-0.00708349598460251
-0.0421859545818885,-0.00133189933727798
-0.00566861480466652,-0.00070626419722658
-0.0308591640916345,-0.00381559203910279
0.019070745934727,-0.00529588259708521
-0.00243791179903227,0.00628859380496631
-0.0143989357544276,0.0265845552753979
0.00453776757680457,-0.0141477911789197
-0.0349939496105728,-0.0056734754843535
0.0246581502184847,0.00758887114510922
0.0354263866235692,-0.00967303632258018
0.00777488940673905,0.00404838297317704
-0.0435056688935645,-0.0198218037500621
0.00682686756698291,0.0191686020927545
-0.035499568592805,0.0120905129472831
0.00904828630230483,-0.0142237736399332
0.0134124058561172,0.00880507525334545
-0.0446462579326945,0.01063713197191
0.039364698775857,0.00856697411532353
-0.0226642281174973,0.0106079342991889
0.0273004197482044,-0.0023522802911933
-0.00504521543641765,0.00756487835148868
0.0218981659161936,-0.0105509116243792
0.0103083886102792,-0.00318059148259679
-0.0171340482398435,-0.0275234101759207
-0.000735261734135624,-0.00333510451313563
0.0366283424215601,-0.00362217687681526
-0.0519364235098983,0.0171611076326379
0.0587189351550649,-0.00520014903220321
0.00172554924933849,0.00319414281482504
-0.035944288322649,0.0197866161230015
-0.00645321901025134,0.0137057710167624
0.00446073213595707,-0.0123195226181333
-0.0128730298442556,0.00134689634200141
0.011813815952173,0.00641293157061921
-0.0346375827436874,0.00645227699094694
0.00396599455387823,-0.0382399537425829
0.00268198055344671,-0.000819737564010688
-0.0118989571160223,-0.00356193321879337
-0.0247098171638028,0.0306150430325695
-0.0384506486890374,0.000378216778560459
-0.00461998656663256,-0.0269759398195713
0.00595199257977864,-0.000669137065608143
0.0128164224883008,0.0252785526150266
-0.00342586310274844,0.00513168124803209
-0.00311019513798992,0.00109380216843149
0.00171730617000799,0.00565195430393332
0.010921759880324,0.00176690721104191
-0.0173367617892619,0.0127327129357671
-0.0206360664082401,0.0156090208758594
-0.0602523051088645,0.0339630054587684
0.0451731430463011,-0.0189115657728615
0.0192544383549173,0.00723259588709899
-0.0201205288628473,0.00635631468647753
0.00231538104761731,0.00563457883619261
-0.0152231359447059,-0.0158536398651676
-0.0784241998802825,0.0198005381130007
0.00389004219487744,0.00210266978274958
0.0179014384670778,-0.0134376510353616
0.00695939642974781,-0.0307473421877629
-0.00426294789953506,-0.00438849143108263
-0.0302074286699941,-0.00892047682614435
-0.0147995746610959,-0.00610162340678445
0.0129991690490903,-0.00993244827410917
-0.000928569953956194,0.00768947467581412
-0.0302143774734224,-0.00145833501919352
0.0280708608318638,-0.00504110587449141
0.0149082672935056,0.00666321148735985
-0.00223834922470088,0.000165858158500094
0.0222647294255684,-0.0322507272410089
0.00523450078448981,-0.00358592851291771
0.0302033531980462,-0.00615579963461924
0.00567259062049386,0.0138052290171624
-0.00146259624298885,-0.0188086087570685
0.00376795539063495,0.00285921938582106
-0.0315045729638394,0.00966453176749488
0.00743835764237705,-0.00798924853569194
-0.0181037884505903,0.00808829295590326
0.0246721730968358,0.000583527882251115
0.0259293092657067,-0.00842623642508785
0.0126999703231152,-0.00348254823070896
0.00766279564946096,0.00993922758917723
-0.0197075574565139,0.00787640969486441
-0.000914625110888664,0.00935736202292467
0.00246311640284315,0.0105277001830664
0.00318270575918851,0.00474002875735972
-0.0367837435315319,-0.0062447816195476
-0.0496254920734741,0.00483114653318952
0.035429443472383,-0.00379582565485378
0.00801686193542163,0.0125037173049758
-0.0444299638130483,6.89361279827659e-05
0.00542070496039057,0.00239418338426074
0.0258943407626492,-0.0260366254387831
0.0543991988247567,-0.0138570462254504
-0.00390703859466609,0.00190705531377969
0.0277001556153279,-0.00359409318991115
-0.0100750354484147,0.00241880912451134
-0.0101721326531927,-0.00741522794932138
0.0365647144639188,-0.0143863391605059
0.0159275912722213,0.00676244918996491
-0.0112545607033538,-0.000704534160649021
0.0280346702449407,-0.00861251794310649
-0.0299591143097949,-0.0178842278535555
-0.00986046690989992,-0.000965806767917969
0.00811851197036735,-0.0198437742319046
-0.0418174799135363,0.0297106738042425
-0.0235443325268294,-0.0136779628945678
0.0250255192001075,0.00418098131368058
0.0306423446262243,-0.00614531932484536
0.0192265718096685,-0.00937974728091818
0.0283471995547185,-0.013279404222734
0.0127166766615114,0.00291194227558451
-0.0135933769631589,0.00764975538593519
0.00764695928279206,0.0110143822499458
0.0383997364469402,0.00711769301259307
-0.0028903500233375,0.00122443877986229
0.0172934077720165,0.00439717836884387
-0.00206453581231081,-0.00864793536397495
0.00187045520974216,-0.00436837678014372
-0.0314024803211505,-0.0165194938381338
-0.024508924634003,-0.0127752711083341
-0.0039508350881785,0.020603969823047
-0.00541545212628863,0.0101178657502029
0.0578257242410408,0.0138742165166867
0.0140235767133461,0.0257442263065412
0.00954967299865264,-0.0195379944194009
-0.00298091390725455,0.00295665233556101
-0.0308905830298793,0.0174738968330043
-0.000696308012818092,-0.0055740914181724
-0.02461982412547,0.0179233786212688
-0.0164699624433838,-0.00725905590294186
-0.0257514526543525,-0.00750265118152896
0.0233370760856488,-0.00712834365569208
-0.0615687028401595,0.0165006539789977
0.0429480514208491,0.00683400949042112
-0.00385608965512273,0.00748140272736959
0.028904776950695,-0.0151320989383057
0.00306186079540358,-0.00323695205666439
0.0115748891020109,-0.00674829705709165
-0.00504453897733658,-0.000332958268726882
0.0151721828429131,0.00401627492094056
-0.0229526516279723,-0.00340607035443229
0.00196161090454887,-0.00910377226308909
-0.0153105108666006,-0.00244139079993419
0.0140391032322708,-0.0114745638320421
0.0018956697761493,-0.000743259272330384
0.00246565756243966,-0.00101269722390419
0.0275546069796232,-0.0119963666239619
-0.0101112017609756,0.0480952309807472
0.0124573938233268,3.60642775804591e-05
0.0342312364090218,-0.00329606200367183
-0.000908100623388956,-0.0125612945072249
0.0112088562966883,-0.0217155155081618
0.0341197484164301,0.0194023173398543
-0.00601618909517281,0.00646435391870855
0.00439863692134044,-0.00201883702328521
0.0203354330779528,-0.00215598686075388
0.0457670811391699,0.0113647646528219
0.0295093631961445,0.00228559193882104
-0.00700628694111513,0.000910837098375058
0.00359962947602496,0.0363946106536176
-0.0113374471457005,0.00959949189970645
-0.0197791216362572,-0.00477597624778002
-0.0555428957167825,0.00715941230509339
-8.45263801129474e-05,-0.00073004023106457
0.0164845105611538,-0.00101914449508843
-0.00297211858014495,0.00261240509024102
0.00410825085166049,0.00191868166271694
-0.00507968122837827,-0.00724620055924964
0.00233528577149567,0.0032533021370655
0.0390366424571296,0.0142393461387224
-0.00581732886230263,0.000477719537155934
0.00589069291759022,0.00584721823060504
-0.00797826667218986,-0.00866303789838953
-0.0334858805296389,-0.00263890788381309
0.0189543617986261,0.00113012667645156
0.0117756082311522,0.0235630136004244
-0.0266691086318661,0.00523920885878597
-0.0142120314251123,-0.0123594784250458
-0.0129491511321405,-0.0155087546432528
-0.0383944750555659,0.0168120025632985
0.0348356541534574,-0.0110955797401659
-0.0345683725046468,-0.0277564406139237
-0.0596284104509038,-0.0283108522667207
0.0162956380474778,0.00706637099074234
-0.00773406553157938,0.000218836900089148
0.00385334052544098,-0.00147146175093044
0.043335210713523,0.013138709304897
0.0421353525910954,-0.0169998195652841
0.0239801724434655,-0.00820341570676512
-0.0139465106024281,0.0123240230003582
-0.0105864323907994,0.0107303091346467
0.0345201551360942,-0.0113122486239906
-0.0338815990312456,0.0185605238378921
-0.00465118563694923,0.00121494285720555
0.0164377508416088,0.0027588578437157
0.0265819747058277,-0.000818167155170922
-0.000359433017432121,0.00179287576735603
0.00584336947847903,0.00653791835705077
-0.00200865986733136,0.00228926942102871
0.0466749926183278,0.0127793755655872
0.00141917701681866,0.0146978092486808
-0.0428119781873083,0.000832158534165035
-0.0116739170470677,-0.0114040033309454
-0.00941565796007155,0.0145023421375556
-0.000346438256861206,-0.0201173911015742
-0.0378344336268086,-0.0194325686073106
-0.00616642676713104,-0.00331178807333702
-0.0140959577918032,0.00619983644546621
0.0648063260735528,-0.0201570116178952
-0.0379698190063367,0.00807109835580301
