"chr","pos","mkr"
"1",0.276475878802261,"1_2"
"1",3.32164167382205,"1_11"
"1",6.78685492248626,"1_20"
"1",8.21842912321561,"1_22"
"1",10.3991023758208,"1_27"
"1",14.6535341895827,"1_36"
"1",19.1266547321478,"1_48"
"1",20.0965517563527,"1_53"
"1",20.1613450032572,"1_55"
"1",20.5220815786419,"1_57"
"1",20.5345359289626,"1_58"
"1",21.0675506854159,"1_59"
"1",22.7223309777678,"1_64"
"1",23.2227840495734,"1_66"
"1",23.8764746392376,"1_68"
"1",28.1330264808396,"1_76"
"1",29.6380828681553,"1_80"
"1",29.7035367099168,"1_81"
"1",29.9485774797972,"1_82"
"1",34.0492383645844,"1_96"
"1",41.312265284658,"1_112"
"1",41.7072702613125,"1_113"
"1",44.2966880937502,"1_124"
"1",46.4529822878854,"1_130"
"1",51.3982586073508,"1_137"
"1",52.0650735497818,"1_139"
"1",52.481720932566,"1_140"
"1",54.9308835281927,"1_147"
"1",55.0660718794186,"1_149"
"1",56.350554130002,"1_153"
"1",56.5026836336331,"1_154"
"1",59.5549858208174,"1_164"
"1",59.6310220520092,"1_165"
"1",61.0520843599107,"1_170"
"1",61.638723834321,"1_172"
"1",61.6867325128866,"1_173"
"1",64.2425952665076,"1_179"
"1",64.909756637182,"1_180"
"1",65.8030631606568,"1_182"
"1",67.1386604862324,"1_183"
"1",67.4859411793154,"1_186"
"1",67.6761797078996,"1_187"
"1",69.1754917489543,"1_196"
"1",69.3677941077145,"1_197"
"1",69.7708271770374,"1_200"
"1",71.6615406933824,"1_209"
"1",73.3096116073128,"1_213"
"1",73.4311700085389,"1_215"
"1",73.4442288886501,"1_216"
"1",73.7615647003022,"1_217"
"1",74.1875011615409,"1_218"
"1",74.7854772827876,"1_221"
"1",75.2138343250272,"1_222"
"1",77.6718610298293,"1_230"
"1",78.2044426484232,"1_233"
"1",81.4815745973555,"1_242"
"1",86.7081078141825,"1_253"
"1",86.9753012247529,"1_254"
"1",87.6606604158809,"1_258"
"1",92.5957871311808,"1_267"
"1",93.44790160765,"1_270"
"1",95.7878986732264,"1_277"
"1",97.8643456462409,"1_282"
"1",99.0806374636221,"1_284"
"1",99.4369803535878,"1_287"
"1",100.065994166254,"1_288"
"1",101.032744263686,"1_293"
"1",104.197385808924,"1_295"
"1",106.179348586686,"1_303"
"1",107.269162619095,"1_307"
"1",107.608813665793,"1_311"
"1",108.615604778271,"1_315"
"1",117.354072569121,"1_331"
"1",118.388385638687,"1_333"
"1",119.684844531792,"1_338"
"1",121.570479058225,"1_342"
"1",124.35375367957,"1_353"
"1",124.850763908263,"1_356"
"1",125.903228112539,"1_360"
"1",127.429797695792,"1_365"
"1",128.016140626852,"1_368"
"1",128.52583758756,"1_371"
"1",128.777230918956,"1_372"
"1",130.375083904231,"1_377"
"1",130.679055997579,"1_378"
"1",131.062429628525,"1_380"
"1",134.982088556166,"1_388"
"1",136.158621333503,"1_390"
"1",137.389440750633,"1_392"
"1",139.048803658501,"1_395"
"1",140.103662827772,"1_397"
"1",141.149937706492,"1_403"
"1",142.326184879091,"1_406"
"1",145.565055864713,"1_411"
"1",146.026188779836,"1_413"
"1",147.317379117523,"1_418"
"1",148.408361554317,"1_422"
"1",148.843047623042,"1_423"
"1",150.757756743406,"1_429"
"1",151.425198667859,"1_433"
"1",152.033510115697,"1_438"
"1",152.68796425937,"1_443"
"1",153.121969216762,"1_446"
"1",154.125431306087,"1_447"
"1",156.266020835224,"1_456"
"1",157.370564334258,"1_459"
"1",161.946525041384,"1_480"
"1",164.0251302518,"1_486"
"1",164.324349935322,"1_487"
"1",166.333967978236,"1_496"
"1",166.564150958228,"1_498"
"1",168.311827727388,"1_503"
"1",172.679697151709,"1_519"
"1",173.354432731839,"1_520"
"1",174.008808601192,"1_523"
"1",174.787960748816,"1_525"
"1",176.640196163143,"1_533"
"1",177.539579426473,"1_538"
"1",179.52581256765,"1_547"
"1",181.110276004332,"1_552"
"1",190.684643753666,"1_580"
"1",194.699117609259,"1_590"
"1",196.767010117225,"1_596"
"2",2.37067454667728,"2_8"
"2",3.90993420299592,"2_12"
"2",7.15321781372557,"2_24"
"2",8.49128976003119,"2_30"
"2",8.69502335736547,"2_32"
"2",9.62147970045804,"2_36"
"2",12.9848469432355,"2_48"
"2",15.2184301024018,"2_52"
"2",15.7846895531634,"2_55"
"2",17.1769800276822,"2_58"
"2",22.78671599704,"2_75"
"2",23.4316410457952,"2_77"
"2",24.6852646744444,"2_79"
"2",25.6059523306907,"2_86"
"2",26.8581175426632,"2_89"
"2",33.2127762026604,"2_99"
"2",33.2443242670153,"2_100"
"2",33.5678422772674,"2_102"
"2",34.4138035291749,"2_105"
"2",37.4108303003501,"2_115"
"2",37.727652159386,"2_116"
"2",40.1015232114581,"2_119"
"2",45.451788399247,"2_127"
"2",45.9178794557209,"2_129"
"2",46.9010965648716,"2_130"
"2",47.1072948833453,"2_133"
"2",50.980566858687,"2_141"
"2",51.8495065951105,"2_144"
"2",54.4787851047609,"2_153"
"2",55.1455556051632,"2_157"
"2",56.4688183183813,"2_166"
"2",57.5699732051229,"2_170"
"2",58.6019429243485,"2_176"
"2",59.0715185991951,"2_179"
"2",60.2214697240873,"2_181"
"2",62.1308671236979,"2_186"
"2",63.237728470058,"2_190"
"2",63.8552389225323,"2_192"
"2",65.9056121766486,"2_200"
"2",66.5610067040633,"2_203"
"2",67.1003395333766,"2_204"
"2",68.2384120821075,"2_212"
"2",68.28950615072,"2_213"
"2",71.4241912653126,"2_227"
"2",73.6458556730026,"2_235"
"2",74.6388432214254,"2_238"
"2",76.8715637166722,"2_249"
"2",78.8439327867678,"2_257"
"2",79.3776315386256,"2_259"
"2",85.8757411347641,"2_274"
"2",87.4722039121698,"2_279"
"2",87.8224237456996,"2_280"
"2",88.930286465297,"2_289"
"2",92.3704635461544,"2_297"
"2",95.711904290158,"2_307"
"2",97.3203445103625,"2_310"
"2",99.2624874269798,"2_314"
"2",99.8767548955379,"2_315"
"2",101.681736141344,"2_329"
"2",102.649689583432,"2_333"
"2",104.153174827581,"2_337"
"2",105.362969364124,"2_340"
"2",105.783182565581,"2_341"
"2",106.428469487279,"2_344"
"2",109.472416372999,"2_357"
"2",115.955296197578,"2_374"
"2",116.280699502896,"2_375"
"2",118.789077109864,"2_381"
"2",120.252720494618,"2_384"
"2",120.505567942453,"2_385"
"2",120.745363906357,"2_386"
"2",121.439103261396,"2_390"
"2",121.571193884198,"2_391"
"2",121.969859466908,"2_393"
"2",122.188273470013,"2_394"
"2",129.191041999034,"2_415"
"2",129.410142976724,"2_417"
"2",130.416431855523,"2_418"
"2",132.070462189162,"2_425"
"2",135.801178944396,"2_430"
"2",138.419422057632,"2_431"
"2",138.961902634709,"2_432"
"2",139.174107368739,"2_433"
"2",141.044987672549,"2_438"
"2",141.765097232627,"2_440"
"2",142.580696356387,"2_442"
"2",143.540893686496,"2_447"
"2",145.551854456362,"2_451"
"2",146.305629103844,"2_454"
"2",148.509696805264,"2_456"
"2",153.056773032849,"2_465"
"2",154.264344017769,"2_468"
"2",155.046805230339,"2_470"
"2",159.460390828962,"2_476"
"2",160.2508978816,"2_479"
"2",160.480251128503,"2_480"
"2",162.592780916397,"2_493"
"2",164.485123634728,"2_496"
"2",165.429490535999,"2_501"
"2",166.160488801714,"2_504"
"2",169.927067446317,"2_514"
"2",172.423976454811,"2_522"
"2",174.946858323249,"2_530"
"2",176.699556219691,"2_534"
"2",177.911382628981,"2_539"
"2",180.209266515376,"2_544"
"2",180.667645065649,"2_547"
"2",181.746227897665,"2_553"
"2",182.520845177956,"2_555"
"2",182.954682161066,"2_556"
"2",183.703812296327,"2_560"
"2",184.59743524854,"2_563"
"2",184.863739441362,"2_564"
"2",185.441392350097,"2_569"
"2",186.528836511601,"2_572"
"2",189.054936406068,"2_580"
"2",190.07619380042,"2_582"
"2",192.482424065834,"2_588"
"2",195.442226769097,"2_593"
"2",197.176357945267,"2_597"
"2",197.600935178507,"2_598"
"2",198.897935689054,"2_599"
"2",199.611402435437,"2_600"
"3",2.93513810389278,"3_8"
"3",5.07491348897493,"3_16"
"3",11.72133801663,"3_34"
"3",12.0217055736022,"3_37"
"3",15.1846056795394,"3_40"
"3",15.6616741583451,"3_43"
"3",19.6053364316443,"3_50"
"3",20.4159986699354,"3_52"
"3",22.025152779293,"3_57"
"3",26.7585253568356,"3_72"
"3",27.9365433850089,"3_76"
"3",28.384871565126,"3_79"
"3",29.0780383029535,"3_81"
"3",29.441528990342,"3_83"
"3",30.9213499881615,"3_88"
"3",31.9478567512757,"3_90"
"3",37.7559555761866,"3_110"
"3",39.2599158842851,"3_115"
"3",40.6812726668324,"3_117"
"3",43.618684220234,"3_125"
"3",44.4717724859354,"3_126"
"3",45.9913101108089,"3_130"
"3",46.0698421323116,"3_131"
"3",47.4456171685508,"3_137"
"3",50.8753952092235,"3_149"
"3",52.6658883064718,"3_154"
"3",53.5745235991296,"3_158"
"3",63.277884434118,"3_184"
"3",63.9015195688129,"3_186"
"3",66.3675500187026,"3_193"
"3",66.4687590576184,"3_194"
"3",69.3614073946715,"3_203"
"3",71.2242797467537,"3_206"
"3",71.8026183988993,"3_207"
"3",72.0911765058701,"3_209"
"3",73.515624130521,"3_216"
"3",73.7419866458534,"3_218"
"3",77.1280509018817,"3_229"
"3",77.1987164915518,"3_230"
"3",77.8341803463605,"3_233"
"3",78.6880421667752,"3_236"
"3",81.8360673503617,"3_244"
"3",82.4924373100042,"3_246"
"3",84.9530644793481,"3_249"
"3",88.0139325702417,"3_255"
"3",90.1129535794092,"3_262"
"3",93.1106803009625,"3_273"
"3",93.2951060172347,"3_274"
"3",95.3875822727969,"3_278"
"3",95.8807940910498,"3_280"
"3",97.7782081833755,"3_288"
"3",99.2734195347899,"3_292"
"3",100.237616371842,"3_293"
"3",103.00318527984,"3_304"
"3",103.814290900158,"3_306"
"3",104.330625526558,"3_309"
"3",106.652942789884,"3_313"
"3",107.835797273842,"3_317"
"3",112.999475634502,"3_331"
"3",114.59903880452,"3_334"
"3",118.999063821943,"3_344"
"3",121.442370251043,"3_349"
"3",121.823688490795,"3_350"
"3",122.806081547431,"3_353"
"3",127.323947407029,"3_363"
"3",128.334348161647,"3_366"
"3",128.479723849822,"3_367"
"3",131.573684927998,"3_372"
"3",131.921855322995,"3_374"
"3",132.470382533662,"3_380"
"3",132.758896980569,"3_381"
"3",133.857541838791,"3_388"
"3",135.983803199247,"3_396"
"3",137.403621216901,"3_401"
"3",138.270373612256,"3_408"
"3",140.469589560794,"3_415"
"3",141.932927093314,"3_421"
"3",142.382726372576,"3_422"
"3",142.843386778424,"3_424"
"3",144.497741287003,"3_426"
"3",146.349441385952,"3_431"
"3",146.596899456793,"3_433"
"3",147.941846609244,"3_437"
"3",150.766963238501,"3_445"
"3",154.448299911679,"3_454"
"3",155.035030163243,"3_457"
"3",155.316095791817,"3_459"
"3",155.864245715971,"3_460"
"3",156.152053909109,"3_462"
"3",157.274303211912,"3_465"
"3",159.127067461285,"3_470"
"3",159.716070202396,"3_473"
"3",159.786818014178,"3_475"
"3",160.51239398953,"3_479"
"3",161.494035766533,"3_481"
"3",161.592218654755,"3_483"
"3",161.84806401947,"3_484"
"3",162.327933423842,"3_487"
"3",163.269221733572,"3_491"
"3",164.21210583627,"3_495"
"3",165.752892051437,"3_496"
"3",168.870731231691,"3_502"
"3",170.263408839,"3_509"
"3",171.540724385868,"3_514"
"3",171.985826565461,"3_515"
"3",172.020982375875,"3_516"
"3",172.106642995367,"3_517"
"3",173.256867048147,"3_521"
"3",181.596647363898,"3_549"
"3",184.143630552746,"3_554"
"3",184.255320688444,"3_555"
"3",185.621995285897,"3_559"
"3",185.749306462488,"3_560"
"3",189.898427905007,"3_571"
"3",190.57950363128,"3_573"
"3",190.899069393425,"3_574"
"3",192.428565772327,"3_580"
"3",193.15625438372,"3_582"
"3",196.90698125755,"3_592"
"3",198.809366209704,"3_595"
"3",198.962013522815,"3_596"
"3",199.011616191653,"3_598"
"3",199.43588613126,"3_600"
"4",0.0750631536837799,"4_2"
"4",2.90621846611473,"4_8"
"4",6.04673993813674,"4_19"
"4",8.55657385596324,"4_24"
"4",12.0701883746406,"4_37"
"4",15.4737939612224,"4_51"
"4",15.5623385522959,"4_52"
"4",20.4287542105343,"4_63"
"4",20.459700284982,"4_64"
"4",23.6491905106286,"4_75"
"4",23.7765775294985,"4_76"
"4",24.5161430052686,"4_77"
"4",25.8442386409142,"4_81"
"4",26.5905037809322,"4_83"
"4",26.6035096601721,"4_84"
"4",26.9817711206784,"4_85"
"4",30.9617714709478,"4_100"
"4",31.4089810265812,"4_101"
"4",32.0513603230445,"4_105"
"4",34.0996864308157,"4_112"
"4",34.2048618672201,"4_113"
"4",35.1838933761739,"4_118"
"4",36.1543703862839,"4_121"
"4",36.2225649092937,"4_122"
"4",37.2663969572542,"4_129"
"4",37.3010566179564,"4_130"
"4",38.3520114392758,"4_132"
"4",38.7118948299785,"4_134"
"4",38.9104734849256,"4_136"
"4",39.0867572836938,"4_137"
"4",40.0919349602915,"4_139"
"4",40.755292780487,"4_141"
"4",40.7644065624929,"4_142"
"4",41.2906016898729,"4_148"
"4",42.5885971723248,"4_152"
"4",43.7367530467771,"4_155"
"4",46.2043886762965,"4_160"
"4",46.3896165593113,"4_161"
"4",47.9514320480624,"4_164"
"4",48.3638826150208,"4_168"
"4",48.4921330462952,"4_169"
"4",50.0536783455262,"4_176"
"4",50.3838021961331,"4_177"
"4",51.6742893933109,"4_182"
"4",51.8560680859554,"4_183"
"4",52.3530791142523,"4_185"
"4",52.5893920158142,"4_186"
"4",53.0902379433549,"4_189"
"4",53.3531235063939,"4_190"
"4",54.3933200598479,"4_193"
"4",54.7878676731913,"4_195"
"4",56.4380274265322,"4_203"
"4",61.7258225396824,"4_220"
"4",62.290691869819,"4_224"
"4",63.3499826868118,"4_226"
"4",65.7571076874881,"4_230"
"4",67.2837678810883,"4_233"
"4",73.2619162261448,"4_241"
"4",73.2775993060886,"4_242"
"4",73.2785056422657,"4_243"
"4",73.8143258434955,"4_244"
"4",75.7213201127808,"4_252"
"4",80.3251085111773,"4_264"
"4",80.5725527306941,"4_266"
"4",81.1428957150144,"4_267"
"4",87.3952279426763,"4_289"
"4",89.0136509702639,"4_291"
"4",90.0708443676916,"4_294"
"4",95.4156682989715,"4_304"
"4",95.911445087904,"4_306"
"4",96.9641850075587,"4_312"
"4",98.2933285943048,"4_316"
"4",98.488841784586,"4_317"
"4",99.0002410024088,"4_318"
"4",99.3324739556622,"4_322"
"4",103.079240524807,"4_334"
"4",107.306543630262,"4_343"
"4",109.487038266527,"4_348"
"4",109.987346525427,"4_349"
"4",110.027287718296,"4_351"
"4",110.432471793759,"4_352"
"4",111.881391854647,"4_355"
"4",113.201785787106,"4_361"
"4",120.115734582066,"4_377"
"4",123.36347405038,"4_388"
"4",127.546636940174,"4_396"
"4",129.082115411205,"4_401"
"4",129.34133303331,"4_402"
"4",130.89118097512,"4_410"
"4",139.550016057604,"4_434"
"4",141.019753752703,"4_437"
"4",141.288262764602,"4_439"
"4",142.467222643229,"4_441"
"4",148.026921278778,"4_449"
"4",152.192003504155,"4_458"
"4",153.963005946595,"4_467"
"4",154.823416655824,"4_469"
"4",158.706235123745,"4_480"
"4",160.25362720806,"4_486"
"4",161.082868052761,"4_487"
"4",163.83718520381,"4_490"
"4",167.799585256145,"4_499"
"4",168.058608267212,"4_503"
"4",171.746790895026,"4_512"
"4",173.267192544625,"4_516"
"4",173.77124885732,"4_519"
"4",174.347399402188,"4_520"
"4",176.075576628025,"4_525"
"4",176.799363916783,"4_528"
"4",177.678336459705,"4_532"
"4",177.919497298238,"4_534"
"4",178.382649114714,"4_537"
"4",178.59221821441,"4_539"
"4",182.59631675437,"4_553"
"4",182.814828320818,"4_557"
"4",185.294332794249,"4_562"
"4",186.434697733095,"4_565"
"4",188.051752701281,"4_569"
"4",189.858227335706,"4_570"
"4",190.606884195181,"4_572"
"4",193.558971341418,"4_581"
"4",196.954727940717,"4_590"
"4",197.572619159059,"4_593"
"5",0.525966245319873,"5_3"
"5",1.52833890048256,"5_7"
"5",3.01382426852824,"5_12"
"5",4.83209679842706,"5_21"
"5",5.21275036237649,"5_22"
"5",6.7045715559138,"5_25"
"5",7.96519140819113,"5_27"
"5",8.36369733463343,"5_30"
"5",10.9745685086065,"5_38"
"5",11.2267856173818,"5_39"
"5",11.9220823950965,"5_42"
"5",12.4642736492173,"5_45"
"5",16.1150402302941,"5_57"
"5",16.3561257093957,"5_59"
"5",18.9740035882689,"5_64"
"5",19.4164359731446,"5_65"
"5",20.0431083272324,"5_68"
"5",21.8514238478294,"5_72"
"5",22.2596485799516,"5_73"
"5",23.0994573285977,"5_78"
"5",25.0220759011229,"5_86"
"5",30.561092718756,"5_99"
"5",32.2408115374449,"5_104"
"5",33.0111087377958,"5_107"
"5",33.5043571470569,"5_110"
"5",34.1035445002848,"5_114"
"5",34.5173463952708,"5_116"
"5",35.3555427606864,"5_118"
"5",35.655725546487,"5_119"
"5",35.6641762600411,"5_120"
"5",36.7982880809999,"5_122"
"5",36.8868513155567,"5_123"
"5",38.1694431915765,"5_125"
"5",38.9427213085069,"5_129"
"5",39.3481764374649,"5_130"
"5",39.5288074975902,"5_133"
"5",39.9176981377729,"5_134"
"5",41.2223674880011,"5_140"
"5",41.7323657398892,"5_142"
"5",42.0211755450149,"5_143"
"5",49.8242206922177,"5_165"
"5",51.3164814478907,"5_170"
"5",52.4284779228586,"5_173"
"5",52.6059162225413,"5_174"
"5",54.9415646624408,"5_180"
"5",56.1834920780276,"5_183"
"5",56.5935488252044,"5_186"
"5",57.8768484925048,"5_187"
"5",58.6578618286013,"5_189"
"5",58.842812239476,"5_190"
"5",59.0806452849095,"5_192"
"5",60.125146265721,"5_195"
"5",62.4098800804995,"5_199"
"5",65.6466782759012,"5_211"
"5",66.8356277769346,"5_215"
"5",67.5383653103952,"5_217"
"5",72.4417195071417,"5_231"
"5",73.992927065183,"5_238"
"5",76.0912498083434,"5_246"
"5",80.8816526232465,"5_259"
"5",81.527450279785,"5_263"
"5",81.5460178092489,"5_264"
"5",82.7490727786928,"5_268"
"5",85.983645876454,"5_278"
"5",87.5951206458587,"5_281"
"5",87.9744041345579,"5_283"
"5",90.2514524247754,"5_287"
"5",90.7652229915933,"5_289"
"5",91.4345416717835,"5_292"
"5",94.1332066264711,"5_297"
"5",95.7075008755713,"5_304"
"5",100.620633630598,"5_312"
"5",101.652684791305,"5_315"
"5",101.892154892742,"5_316"
"5",111.430058572417,"5_337"
"5",111.562669095806,"5_338"
"5",118.246229203036,"5_350"
"5",120.1722510736,"5_357"
"5",128.755162615256,"5_380"
"5",129.276024062266,"5_384"
"5",131.841964666519,"5_392"
"5",136.206697764984,"5_410"
"5",137.163635924453,"5_413"
"5",138.916231489456,"5_422"
"5",139.343326887197,"5_424"
"5",140.464320426014,"5_427"
"5",144.353971275249,"5_433"
"5",144.662880661906,"5_434"
"5",147.035050067897,"5_439"
"5",148.156075849634,"5_445"
"5",148.771613312006,"5_447"
"5",150.337025120791,"5_450"
"5",150.885056661741,"5_451"
"5",151.968581338258,"5_458"
"5",156.619933081202,"5_470"
"5",163.225389725785,"5_494"
"5",165.078851780893,"5_500"
"5",169.640181632523,"5_508"
"5",169.97367987917,"5_509"
"5",171.054397813967,"5_513"
"5",175.968008880709,"5_525"
"5",176.506595084117,"5_528"
"5",177.11058418143,"5_531"
"5",177.114681205096,"5_532"
"5",179.212539840607,"5_541"
"5",179.622586144585,"5_542"
"5",179.878786989165,"5_544"
"5",181.828780466893,"5_551"
"5",183.452727796777,"5_555"
"5",183.839626825945,"5_556"
"5",185.364707286964,"5_560"
"5",186.293526383679,"5_562"
"5",190.218741793354,"5_575"
"5",191.239834244638,"5_578"
"5",191.705758430623,"5_580"
"5",191.718912315171,"5_581"
"5",191.759318807773,"5_582"
"5",192.561786966436,"5_584"
"5",194.174269536123,"5_590"
"5",194.612178792731,"5_591"
"5",194.621575342648,"5_592"
"5",196.923930475552,"5_597"
"5",198.546317684734,"5_599"
"6",0.63007562451794,"6_3"
"6",0.691991719384879,"6_4"
"6",4.31544007412021,"6_11"
"6",6.52975054179748,"6_17"
"6",6.69959008432338,"6_18"
"6",9.6041620759942,"6_25"
"6",10.1197073421644,"6_30"
"6",10.7148035265622,"6_34"
"6",11.4810404778813,"6_35"
"6",12.1472463224379,"6_37"
"6",13.8326717077873,"6_40"
"6",13.9930564598124,"6_43"
"6",14.8776374789044,"6_47"
"6",15.7908022458813,"6_48"
"6",16.6929951820478,"6_52"
"6",17.0434676470419,"6_55"
"6",19.3450573379539,"6_62"
"6",20.546389985325,"6_66"
"6",22.6006023697572,"6_68"
"6",25.9892506969347,"6_77"
"6",29.1577864169475,"6_87"
"6",31.8107048285471,"6_103"
"6",31.81772792504,"6_104"
"6",32.8271857399727,"6_107"
"6",33.1289302823688,"6_109"
"6",35.0829303949739,"6_114"
"6",39.3022043483086,"6_125"
"6",44.537864542425,"6_135"
"6",45.8144300453907,"6_137"
"6",49.1211577011758,"6_152"
"6",52.7029617274852,"6_161"
"6",53.9981474445782,"6_167"
"6",59.3736700337548,"6_185"
"6",62.6038515711843,"6_190"
"6",63.2378928060757,"6_192"
"6",63.7800604733753,"6_193"
"6",65.5597322579421,"6_198"
"6",65.7663526161483,"6_199"
"6",65.775893680638,"6_200"
"6",65.9464842616345,"6_201"
"6",66.326278115909,"6_204"
"6",67.4021287155665,"6_212"
"6",69.9882160065874,"6_221"
"6",72.3361128443936,"6_227"
"6",72.6892339269533,"6_228"
"6",73.379370601696,"6_230"
"6",74.7531076291422,"6_233"
"6",76.1338493956423,"6_237"
"6",76.7031737280109,"6_242"
"6",78.4655182359915,"6_245"
"6",79.3118675362441,"6_246"
"6",81.2950117357302,"6_252"
"6",83.1909244473913,"6_256"
"6",86.3153362291989,"6_265"
"6",88.675446068399,"6_276"
"6",89.060840892408,"6_278"
"6",93.0065240042062,"6_287"
"6",95.427477340635,"6_291"
"6",95.5998492930048,"6_292"
"6",96.6550649020563,"6_297"
"6",98.7737609109558,"6_306"
"6",98.869385086887,"6_307"
"6",99.8565098389602,"6_308"
"6",102.447091295084,"6_312"
"6",105.846367171954,"6_316"
"6",108.396725483574,"6_325"
"6",111.501422163164,"6_337"
"6",112.860284833256,"6_340"
"6",113.112729679897,"6_342"
"6",114.001172831703,"6_344"
"6",117.91177760313,"6_356"
"6",122.994579663294,"6_366"
"6",123.572077350987,"6_367"
"6",123.609034842895,"6_368"
"6",123.891234410917,"6_371"
"6",127.175871824003,"6_378"
"6",129.033691376075,"6_381"
"6",135.188720937087,"6_405"
"6",135.877934607819,"6_409"
"6",139.046809167846,"6_419"
"6",141.5152508282,"6_427"
"6",142.235309836203,"6_430"
"6",142.565754047401,"6_434"
"6",144.506305840494,"6_441"
"6",144.54678877073,"6_442"
"6",148.106482591537,"6_453"
"6",148.862029674259,"6_456"
"6",152.75184969202,"6_465"
"6",156.030672723094,"6_475"
"6",156.409296122722,"6_476"
"6",157.161412205469,"6_479"
"6",162.311430728092,"6_495"
"6",167.062735647789,"6_503"
"6",167.106368554494,"6_504"
"6",168.702283687722,"6_508"
"6",169.738719975461,"6_510"
"6",169.795238548963,"6_511"
"6",173.116171943054,"6_518"
"6",175.281950893011,"6_523"
"6",177.193865013188,"6_526"
"6",177.42403393793,"6_527"
"6",178.738636818616,"6_533"
"6",179.631914841189,"6_537"
"6",181.319015216042,"6_542"
"6",181.815448284917,"6_543"
"6",181.849151393994,"6_544"
"6",182.651642360126,"6_549"
"6",182.76390794892,"6_550"
"6",182.873128257367,"6_551"
"6",183.250673036851,"6_554"
"6",184.661562188159,"6_559"
"6",187.159157930301,"6_561"
"6",187.350832769905,"6_562"
"6",190.482925377749,"6_569"
"6",190.981936483886,"6_570"
"6",191.371979193677,"6_572"
"6",192.456112989912,"6_576"
"6",193.626739607166,"6_581"
"6",194.801632952994,"6_583"
"6",194.907963394107,"6_584"
"6",196.692926596341,"6_588"
"6",198.703976142174,"6_592"
"6",199.141104993453,"6_594"
"7",0.399125624151839,"7_6"
"7",2.05909522651907,"7_11"
"7",2.43402919403504,"7_12"
"7",4.85605576126469,"7_21"
"7",5.39249378512819,"7_24"
"7",6.02462357262973,"7_25"
"7",10.5411217250958,"7_31"
"7",10.5421248800441,"7_32"
"7",10.9117820171221,"7_34"
"7",11.2861200445905,"7_37"
"7",11.8117223303856,"7_40"
"7",17.6145045822168,"7_60"
"7",19.6586556379802,"7_65"
"7",29.1969266354668,"7_96"
"7",29.42401014255,"7_97"
"7",29.524215430187,"7_101"
"7",31.0236888728962,"7_108"
"7",31.7120639288228,"7_111"
"7",33.8125593370974,"7_115"
"7",40.1365432469719,"7_128"
"7",40.8711385768587,"7_130"
"7",41.309822943097,"7_132"
"7",42.5206313470543,"7_136"
"7",44.0660649826869,"7_138"
"7",44.1573871653885,"7_139"
"7",45.3598417850613,"7_144"
"7",47.8774610659981,"7_150"
"7",49.5648005850119,"7_156"
"7",50.5238669792966,"7_158"
"7",50.8883337940318,"7_159"
"7",51.4181922126318,"7_160"
"7",52.1873606854481,"7_164"
"7",53.6592078016302,"7_166"
"7",54.1096968753422,"7_167"
"7",56.0954868567254,"7_173"
"7",58.5506548119964,"7_178"
"7",59.8699086770339,"7_185"
"7",62.7329412438933,"7_190"
"7",63.4830818060055,"7_193"
"7",65.8397980443277,"7_195"
"7",73.3213252631362,"7_219"
"7",75.1630415507104,"7_221"
"7",78.1880135029822,"7_231"
"7",80.3343452618199,"7_237"
"7",81.5383780709743,"7_241"
"7",83.3842077230279,"7_244"
"7",83.682092766354,"7_245"
"7",84.5813650552275,"7_249"
"7",89.860183411702,"7_260"
"7",90.1592297483857,"7_262"
"7",90.8436515823521,"7_266"
"7",92.4261736362234,"7_271"
"7",94.4317133973596,"7_279"
"7",95.4983242946142,"7_281"
"7",97.0217998213702,"7_288"
"7",97.7715863331155,"7_292"
"7",100.184106857174,"7_297"
"7",100.212393148025,"7_298"
"7",100.232300853432,"7_299"
"7",100.54204046532,"7_300"
"7",101.138860110861,"7_302"
"7",108.3971092893,"7_327"
"7",111.18804477757,"7_332"
"7",112.96578736361,"7_338"
"7",113.232730871396,"7_339"
"7",119.177489741173,"7_348"
"7",119.427981795763,"7_349"
"7",119.928914785466,"7_351"
"7",121.350500259158,"7_356"
"7",121.952171163537,"7_358"
"7",122.100858443986,"7_359"
"7",122.872963580003,"7_362"
"7",123.236510047647,"7_364"
"7",125.26486670528,"7_370"
"7",126.048590479131,"7_376"
"7",126.19294837411,"7_378"
"7",131.781819848331,"7_393"
"7",138.087734704289,"7_414"
"7",138.271181964633,"7_416"
"7",138.656182070107,"7_418"
"7",139.029340898637,"7_420"
"7",139.555840250555,"7_424"
"7",140.145970744004,"7_427"
"7",141.147371034114,"7_430"
"7",141.179942027411,"7_431"
"7",144.911370497466,"7_440"
"7",147.301107686379,"7_444"
"7",150.783113737815,"7_454"
"7",153.416500156653,"7_461"
"7",156.064944690994,"7_468"
"7",158.29318005441,"7_473"
"7",159.137182511436,"7_474"
"7",160.181400344907,"7_479"
"7",160.707774020009,"7_481"
"7",160.856019577363,"7_485"
"7",162.35621153643,"7_488"
"7",162.452596208566,"7_489"
"7",164.519028774593,"7_495"
"7",165.496519653387,"7_498"
"7",165.707463124331,"7_499"
"7",167.756499274553,"7_504"
"7",170.463941138731,"7_510"
"7",170.530705292293,"7_511"
"7",172.453368786051,"7_515"
"7",173.645499866273,"7_518"
"7",173.946557350695,"7_519"
"7",176.421752101463,"7_526"
"7",177.286788563601,"7_530"
"7",177.997198431716,"7_532"
"7",178.474376817184,"7_533"
"7",179.982568927638,"7_539"
"7",185.015991275999,"7_550"
"7",187.291693156683,"7_557"
"7",188.070305685095,"7_561"
"7",190.748074730438,"7_571"
"7",191.581102206593,"7_574"
"7",192.253470615624,"7_575"
"7",193.406251967201,"7_578"
"7",194.091459549323,"7_580"
"7",194.364530402435,"7_581"
"7",194.560242532417,"7_582"
"7",195.691032779736,"7_587"
"7",199.149723858817,"7_597"
"8",0.0412539031431712,"8_2"
"8",1.21019123406226,"8_6"
"8",3.67506414777658,"8_15"
"8",6.6522280853919,"8_27"
"8",8.36360515082724,"8_34"
"8",12.2756045736818,"8_46"
"8",13.4600925958948,"8_53"
"8",13.9691590162247,"8_54"
"8",16.1235515174232,"8_59"
"8",16.188626682751,"8_60"
"8",16.2128393662783,"8_61"
"8",16.6927795597471,"8_66"
"8",16.7323612878577,"8_67"
"8",22.6105549324186,"8_79"
"8",23.5266492306218,"8_82"
"8",24.7099183625904,"8_85"
"8",25.5046199655064,"8_91"
"8",26.1904180340494,"8_92"
"8",35.4788315241113,"8_111"
"8",35.9487470873553,"8_112"
"8",36.7646856625243,"8_118"
"8",37.3072883781574,"8_124"
"8",37.888019786947,"8_125"
"8",38.7516899875034,"8_129"
"8",39.3349850566941,"8_133"
"8",39.4922325839387,"8_135"
"8",42.0902042755491,"8_144"
"8",42.2003964500411,"8_145"
"8",43.7305185294539,"8_150"
"8",44.6103372946911,"8_153"
"8",49.0359356371206,"8_162"
"8",52.4574518864291,"8_171"
"8",54.7603113899604,"8_176"
"8",55.1691077766633,"8_178"
"8",56.1530123171288,"8_179"
"8",57.8965993355231,"8_183"
"8",59.1610413974701,"8_190"
"8",59.2992378279024,"8_191"
"8",63.3851792281518,"8_202"
"8",64.2601005916927,"8_206"
"8",65.0669309134097,"8_210"
"8",65.1082067544508,"8_212"
"8",69.4400096814518,"8_222"
"8",70.1245150788712,"8_224"
"8",72.1061525389836,"8_230"
"8",73.3971918041682,"8_235"
"8",73.490807197798,"8_236"
"8",75.3974357878025,"8_242"
"8",76.0176858439243,"8_247"
"8",76.7027795655067,"8_252"
"8",76.7998816964082,"8_253"
"8",77.0962726316424,"8_254"
"8",80.1657195862344,"8_258"
"8",81.3202205829171,"8_261"
"8",81.5668650739948,"8_264"
"8",85.0736735053875,"8_273"
"8",85.9489126844031,"8_277"
"8",86.3581153449456,"8_278"
"8",86.7665490445779,"8_280"
"8",89.726299024194,"8_288"
"8",89.7714959644962,"8_289"
"8",89.8077660764977,"8_290"
"8",94.5652462581939,"8_301"
"8",98.2497581363679,"8_313"
"8",98.5277460799366,"8_315"
"8",100.153668527647,"8_321"
"8",102.655928212209,"8_324"
"8",105.289741135237,"8_332"
"8",106.581390132583,"8_337"
"8",107.053066467515,"8_339"
"8",108.117437071913,"8_340"
"8",108.533299002925,"8_341"
"8",109.749365585533,"8_346"
"8",110.2609689713,"8_349"
"8",110.349718879659,"8_350"
"8",111.452301234876,"8_353"
"8",112.889907840141,"8_357"
"8",115.561795468407,"8_364"
"8",115.663690713994,"8_365"
"8",117.262083950786,"8_369"
"8",118.001193025418,"8_372"
"8",118.642762340008,"8_379"
"8",121.196034558894,"8_385"
"8",124.172631056755,"8_391"
"8",132.705308754288,"8_410"
"8",132.949414700268,"8_411"
"8",134.113786881803,"8_416"
"8",135.215316058255,"8_419"
"8",136.204447576722,"8_422"
"8",136.342278695346,"8_423"
"8",140.146712722757,"8_428"
"8",143.5644719636,"8_439"
"8",144.072269482659,"8_443"
"8",144.267221889331,"8_444"
"8",155.839314585273,"8_479"
"8",155.915198340321,"8_480"
"8",157.274890669221,"8_483"
"8",157.727376202952,"8_484"
"8",162.839789564745,"8_498"
"8",163.023908662931,"8_499"
"8",165.358644956761,"8_502"
"8",166.40740220898,"8_504"
"8",166.518644133816,"8_507"
"8",172.825578627796,"8_518"
"8",173.636604674723,"8_520"
"8",174.385673467718,"8_524"
"8",175.501846651912,"8_528"
"8",176.985250938561,"8_534"
"8",177.596219163849,"8_537"
"8",178.29192048757,"8_539"
"8",180.196040038311,"8_548"
"8",181.750376379867,"8_555"
"8",185.78428099872,"8_563"
"8",187.109987626148,"8_568"
"8",187.327262875102,"8_569"
"8",189.106806337872,"8_574"
"8",189.561500386814,"8_575"
"8",192.226140653937,"8_582"
"8",193.542146483875,"8_585"
"8",194.576552656472,"8_587"
"8",196.535761284038,"8_595"
"8",197.314549849821,"8_597"
"8",199.75623994354,"8_600"
"9",0.931018911240466,"9_5"
"9",2.65767043811308,"9_11"
"9",3.15847643732587,"9_12"
"9",4.67896213162865,"9_14"
"9",4.87465793225238,"9_16"
"9",5.78852075509995,"9_20"
"9",8.68057824330631,"9_31"
"9",8.75313988566336,"9_32"
"9",10.6191549529321,"9_41"
"9",10.8005478680206,"9_42"
"9",17.5574645207002,"9_59"
"9",17.9605553086071,"9_61"
"9",19.4358388230117,"9_64"
"9",19.5242857594884,"9_66"
"9",20.1417676632641,"9_69"
"9",20.3078681212485,"9_71"
"9",21.7429331985637,"9_75"
"9",24.8822958465503,"9_86"
"9",25.5996753787151,"9_87"
"9",25.6651780423474,"9_88"
"9",25.7162972499207,"9_89"
"9",26.4964283397762,"9_90"
"9",33.0360642921485,"9_108"
"9",34.2403209109717,"9_111"
"9",38.030259269853,"9_125"
"9",38.563716328035,"9_128"
"9",38.582998517243,"9_129"
"9",40.7990635452078,"9_133"
"9",45.2245518100823,"9_149"
"9",46.6389890864592,"9_150"
"9",49.1068223468123,"9_154"
"9",49.8184572791846,"9_157"
"9",51.4452390227408,"9_161"
"9",51.8593837625266,"9_162"
"9",53.964923266515,"9_170"
"9",55.0803854761012,"9_173"
"9",57.3173216736772,"9_178"
"9",58.5845128008347,"9_185"
"9",59.9307288615968,"9_189"
"9",60.631272813706,"9_190"
"9",62.9633298466816,"9_196"
"9",63.2044043393051,"9_197"
"9",66.1890816923075,"9_204"
"9",66.2189683641905,"9_205"
"9",66.5948053327094,"9_207"
"9",66.6038469220055,"9_208"
"9",69.1991170787789,"9_213"
"9",71.5070299808525,"9_217"
"9",72.7114876175315,"9_223"
"9",76.2491021408111,"9_231"
"9",76.5952122719422,"9_233"
"9",77.9344253393999,"9_238"
"9",78.1238507484417,"9_240"
"9",78.3989589958414,"9_243"
"9",82.8441384442788,"9_254"
"9",83.7483700370116,"9_256"
"9",84.950681100179,"9_258"
"9",87.7599769913092,"9_264"
"9",89.3189354663009,"9_270"
"9",90.2678310938717,"9_274"
"9",90.4722837328803,"9_276"
"9",90.5310628383607,"9_277"
"9",91.854005841167,"9_281"
"9",91.8708380558626,"9_282"
"9",92.9361648587499,"9_285"
"9",98.680576832367,"9_302"
"9",103.165587271657,"9_309"
"9",104.329478919542,"9_312"
"9",105.578523963056,"9_317"
"9",106.139927258646,"9_318"
"9",109.93785583375,"9_324"
"9",111.485002956365,"9_327"
"9",112.764103948246,"9_332"
"9",113.278570290223,"9_333"
"9",113.96473004739,"9_336"
"9",121.455485375646,"9_356"
"9",121.461686532902,"9_357"
"9",124.856091930967,"9_366"
"9",125.981805308399,"9_370"
"9",127.482023099618,"9_374"
"9",127.499727966514,"9_375"
"9",127.850227276422,"9_376"
"9",130.093544591852,"9_383"
"9",130.454929518484,"9_385"
"9",130.636579058783,"9_386"
"9",134.225497647196,"9_398"
"9",134.269132712716,"9_399"
"9",135.293859883896,"9_403"
"9",135.470839148944,"9_406"
"9",136.697140308273,"9_413"
"9",138.779476172828,"9_417"
"9",143.373600002265,"9_426"
"9",144.573608987589,"9_433"
"9",147.639794782904,"9_443"
"9",154.235457958454,"9_462"
"9",155.559349798156,"9_465"
"9",157.179244656577,"9_475"
"9",157.22313819212,"9_476"
"9",157.609857811731,"9_478"
"9",159.498782577766,"9_486"
"9",161.263090961404,"9_492"
"9",161.430030282059,"9_494"
"9",161.492646298617,"9_495"
"9",162.964012626442,"9_499"
"9",163.327334672338,"9_500"
"9",164.747388957088,"9_504"
"9",165.024445737814,"9_506"
"9",165.802421973689,"9_508"
"9",166.813906939643,"9_512"
"9",167.280539725915,"9_514"
"9",170.205279202574,"9_522"
"9",171.394473476528,"9_531"
"9",174.081918245826,"9_539"
"9",175.592923946258,"9_541"
"9",179.518308410638,"9_556"
"9",188.272876384111,"9_570"
"9",189.962793958172,"9_575"
"9",191.721019722689,"9_582"
"9",192.089581102233,"9_583"
"9",192.957640756376,"9_586"
"9",193.785795682853,"9_588"
"9",198.322298822716,"9_597"
"9",199.124493400903,"9_599"
"10",0.645638313963778,"10_6"
"10",0.87016134876094,"10_7"
"10",3.65208563312241,"10_15"
"10",5.27872259023664,"10_19"
"10",6.10306270418417,"10_21"
"10",7.63638940534647,"10_26"
"10",7.93638327077653,"10_27"
"10",8.57445273653299,"10_30"
"10",9.66703144324687,"10_36"
"10",9.79900985405055,"10_37"
"10",10.5846277472866,"10_42"
"10",10.9511871322827,"10_44"
"10",11.3772804029234,"10_47"
"10",13.212643562543,"10_55"
"10",13.7234728331986,"10_57"
"10",14.4877556939884,"10_58"
"10",14.9506504859451,"10_59"
"10",15.3577973365922,"10_60"
"10",15.5466803523492,"10_62"
"10",17.7375942518367,"10_70"
"10",19.3799367927629,"10_75"
"10",20.2684078299274,"10_80"
"10",22.3267641526364,"10_86"
"10",24.7729352922868,"10_92"
"10",25.7792811642052,"10_95"
"10",25.8622583618749,"10_96"
"10",27.7203013909176,"10_101"
"10",27.7368252985992,"10_102"
"10",28.8104072416715,"10_105"
"10",32.3202144240264,"10_115"
"10",33.1199467894894,"10_119"
"10",33.761145691089,"10_122"
"10",34.08166900755,"10_124"
"10",37.1816235913656,"10_133"
"10",39.3655346139973,"10_136"
"10",42.5085632789377,"10_143"
"10",44.0942954121108,"10_146"
"10",46.330127475568,"10_151"
"10",49.3864519998525,"10_163"
"10",50.6689153038341,"10_167"
"10",50.8806751070144,"10_168"
"10",51.1818999992354,"10_169"
"10",51.503044633337,"10_172"
"10",52.1552469486866,"10_174"
"10",56.5415209972324,"10_192"
"10",57.1478994308132,"10_196"
"10",57.9726482566254,"10_199"
"10",59.2591823535976,"10_207"
"10",61.8890194091106,"10_217"
"10",62.0771945327103,"10_219"
"10",67.07047762666,"10_230"
"10",67.5493388713335,"10_233"
"10",67.6790552907199,"10_235"
"10",69.1010807206642,"10_242"
"10",73.346642673111,"10_252"
"10",74.0589303697721,"10_253"
"10",75.7614827510389,"10_260"
"10",76.8900736044805,"10_262"
"10",77.7874755599633,"10_266"
"10",79.0183832840727,"10_268"
"10",82.7303407859125,"10_275"
"10",85.8536982112029,"10_282"
"10",86.2860598147143,"10_284"
"10",89.5376348617175,"10_292"
"10",89.5838394327452,"10_293"
"10",92.069351950967,"10_298"
"10",92.9196867568234,"10_301"
"10",95.3374026924249,"10_306"
"10",99.3888385053379,"10_322"
"10",99.8633652789876,"10_323"
"10",101.016076007642,"10_327"
"10",102.849595970648,"10_334"
"10",103.455263407551,"10_336"
"10",103.587697489493,"10_337"
"10",109.417764207517,"10_356"
"10",110.697690961498,"10_362"
"10",112.410593556362,"10_369"
"10",118.342438975642,"10_381"
"10",118.707535595941,"10_382"
"10",118.770534723133,"10_383"
"10",118.925746549539,"10_384"
"10",120.669471789465,"10_390"
"10",123.261065862844,"10_400"
"10",125.887779691998,"10_407"
"10",126.419499213813,"10_408"
"10",128.097579999757,"10_410"
"10",129.994975779314,"10_419"
"10",131.551241818624,"10_425"
"10",132.091404834156,"10_426"
"10",132.833207473313,"10_429"
"10",133.051892721242,"10_430"
"10",133.916708956177,"10_434"
"10",136.113031502454,"10_436"
"10",138.75939911392,"10_445"
"10",147.212179389168,"10_455"
"10",147.703826172761,"10_456"
"10",149.900828101374,"10_461"
"10",150.143481873395,"10_462"
"10",150.567454726697,"10_463"
"10",150.653356999973,"10_465"
"10",150.915247838219,"10_467"
"10",156.731499271449,"10_480"
"10",158.426164546196,"10_482"
"10",159.891286027217,"10_489"
"10",161.137877378668,"10_493"
"10",161.495185944442,"10_496"
"10",162.658047708286,"10_498"
"10",162.663005666454,"10_499"
"10",162.906428585039,"10_501"
"10",163.4203886801,"10_502"
"10",164.263435923937,"10_506"
"10",166.348865245949,"10_513"
"10",168.275796974132,"10_519"
"10",174.611350689288,"10_533"
"10",182.446314491378,"10_551"
"10",184.743623189287,"10_558"
"10",184.87249300663,"10_559"
"10",185.262084183501,"10_561"
"10",185.379815474737,"10_563"
"10",194.729701349571,"10_588"
"10",198.482391018345,"10_595"
"10",198.681273646512,"10_596"
"10",199.266042498283,"10_599"
